sample_ID,path,coverage,instrument_model,Family ID,Paternal ID,Maternal ID,Relationship,Gender,Population,phasing,pacbio_path,pacbio_deepconsensus_path,pacbio_coverage,pacbio_deepconsensus_coverage,pacbio_library_ID,pacbio_instrument_model,ont_path,ont_coverage,ont_sequencing_chemistry,ont_instrument_model,ont_library_ID
HG00597,s3://human-pangenomics/working/HPRC/HG00597/raw_data/Illumina/child/HG00597.final.cram,35.96,Illumina NovaSeq 6000,SH058,HG00595,HG00596,child,2,CHS,trio,s3://human-pangenomics/working/HPRC/HG00597/raw_data/PacBio_HiFi/m84081_230721_182654_s2.hifi_reads.bc1021.bam,,11.4,,HG00597_lib1,Revio,s3://human-pangenomics/working/HPRC/HG00597/raw_data/nanopore/guppy_6/07_27_21_R941_HG00597_2_Guppy_6.5.7_450bps_modbases_5mc_cg_sup_prom_pass.bam,36.3,R941,PromethION,07_27_21_R941_HG00597
HG01993,s3://human-pangenomics/working/HPRC/HG01993/raw_data/Illumina/child/HG01993.final.cram,36.57,Illumina NovaSeq 6000,PEL29,HG01991,HG01992,child,2,PEL,trio,s3://human-pangenomics/working/HPRC/HG01993/raw_data/PacBio_HiFi/m64043_210622_163331.hifi_reads.bam,s3://human-pangenomics/working/HPRC/HG01993/raw_data/PacBio_HiFi/deepconsensus/v1pt2/HG01993.m64043_210622_163331.dc.q20.fastq.gz,12.6,14.4,HG01993_lib1,Sequel II,s3://human-pangenomics/working/HPRC/HG01993/raw_data/nanopore/guppy_6/08_10_21_R941_HG01993_2_Guppy_6.4.6_450bps_modbases_5mc_cg_sup_prom_pass.bam,35.76,R941,PromethION,08_10_21_R941_HG01993
HG02004,s3://human-pangenomics/working/HPRC/HG02004/raw_data/Illumina/child/HG02004.final.cram,37.26,Illumina NovaSeq 6000,PEL33,HG02002,HG02003,child,2,PEL,trio,s3://human-pangenomics/working/HPRC/HG02004/raw_data/PacBio_HiFi/m84081_231027_205726_s4.hifi_reads.default.bam,,11.5,,HG02004_lib1_m84081_231027_205726_s4,Revio,s3://human-pangenomics/working/HPRC/HG02004/raw_data/nanopore/guppy_6/08_25_21_R941_HG02004_1_Guppy_6.4.6_450bps_modbases_5mc_cg_sup_prom_pass.bam,35.45,R941,PromethION,08_25_21_R941_HG02004
HG02630,s3://human-pangenomics/working/HPRC/HG02630/raw_data/Illumina/child/HG02630.final.cram,39.8,Illumina NovaSeq 6000,GB33,HG02628,HG02629,child,2,GWD,trio,s3://human-pangenomics/working/HPRC/HG02630/raw_data/PacBio_HiFi/m64043_200501_162248.ccs.bam,s3://human-pangenomics/submissions/3A25CF8A-1F36-42EE-BC9F-D29CECAA2A99--HPRC_DEEPCONSENSUS_v1pt2_2023_12_q20/HG02630/raw_data/PacBio_HiFi/deepconsensus/v1pt2/HG02630.m64043_200501_162248.dc.q20.fastq.gz,12.7,15.04,HG02630_lib1,Sequel II,s3://human-pangenomics/working/HPRC/HG02630/raw_data/nanopore/guppy_6/04_11_23_R941_HG02630_2_Guppy_6.5.7_450bps_modbases_5mc_cg_sup_prom_pass.bam,34.99,R941,PromethION,04_11_23_R941_HG02630_2_Guppy_6.5.7_450bps_modbases_5mc_cg_sup_prom_pass
HG00329,s3://human-pangenomics/working/HPRC/HG00329/raw_data/Illumina/child/HG00329.final.cram,38.56,Illumina NovaSeq 6000,HG00329,0,0,unrel,1,FIN,hic,s3://human-pangenomics/working/HPRC/HG00329/raw_data/PacBio_HiFi/m84091_230712_173338_s3.hifi_reads.bc1019.bam,,34.2,,HG00329_PB1_m84091_230712_173338_s3,Revio,s3://human-pangenomics/working/HPRC/HG00329/raw_data/nanopore/dorado0.6.0_sup4.3.0_5mCG_5hmCG/10_24_23_R1041_HPRC_HG00329_3_dorado0.6.0_sup4.3.0_5mCG_5hmCG.bam,34.92,R1041,PromethION,10_24_23_R1041_HPRC_HG00329_3
HG02280,s3://human-pangenomics/working/HPRC/HG02280/raw_data/Illumina/child/HG02280.final.cram,39.44,Illumina NovaSeq 6000,BB23,HG02307,HG02308,child,2,ACB,trio,s3://human-pangenomics/working/HPRC/HG02280/raw_data/PacBio_HiFi/m84081_231117_211338_s4.hifi_reads.bc2087.bam,,17.7,,HG02280_lib1_m84081_231117_211338_s4,Revio,s3://human-pangenomics/working/HPRC/HG02280/raw_data/nanopore/guppy_6/08_17_21_R941_HG02280_2_Guppy_6.4.6_450bps_modbases_5mc_cg_sup_prom_pass.bam,34.64,R941,PromethION,08_17_21_R941_HG02280
HG02698,s3://human-pangenomics/working/HPRC/HG02698/raw_data/Illumina/child/HG02698.final.cram,35.75,Illumina NovaSeq 6000,PK21,HG02696,HG02697,child,1,PJL,trio,s3://human-pangenomics/working/HPRC/HG02698/raw_data/PacBio_HiFi/m84081_231105_021548_s2.hifi_reads.default.bam,,37.3,,HG02698_lib1_m84081_231105_021548_s2,Revio,s3://human-pangenomics/working/HPRC/HG02698/raw_data/nanopore/guppy_6/07_20_21_R941_HG02698_1_Guppy_6.5.7_450bps_modbases_5mc_cg_sup_prom_pass.bam,34.61,R941,PromethION,07_20_21_R941_HG02698
HG00408,s3://human-pangenomics/working/HPRC/HG00408/raw_data/Illumina/child/HG00408.final.cram,36.58,Illumina NovaSeq 6000,SH002,HG00406,HG00407,child,2,CHS,trio,s3://human-pangenomics/working/HPRC/HG00408/raw_data/PacBio_HiFi/m84081_230721_182654_s2.hifi_reads.bc1002.bam,,10.2,,HG00408_lib1,Revio,s3://human-pangenomics/working/HPRC/HG00408/raw_data/nanopore/guppy_6/07_27_21_R941_HG00408_1_Guppy_6.5.7_450bps_modbases_5mc_cg_sup_prom_pass.bam,34.2,R941,PromethION,07_27_21_R941_HG00408
HG01496,s3://human-pangenomics/working/HPRC/HG01496/raw_data/Illumina/child/HG01496.final.cram,34.29,Illumina NovaSeq 6000,CLM64,HG01494,HG01495,child,2,CLM,trio,s3://human-pangenomics/working/HPRC/HG01496/raw_data/PacBio_HiFi/m84081_231112_030942_s3.hifi_reads.bc2080.bam,,24.4,,HG01496_lib1_m84081_231112_030942_s3,Revio,s3://human-pangenomics/working/HPRC/HG01496/raw_data/nanopore/guppy_6/08_17_21_R941_HG01496_1_Guppy_6.4.6_450bps_modbases_5mc_cg_sup_prom_pass.bam,33.69,R941,PromethION,08_17_21_R941_HG01496
HG02135,s3://human-pangenomics/working/HPRC/HG02135/raw_data/Illumina/child/HG02135.final.cram,38.0,Illumina NovaSeq 6000,VN081,HG02137,HG02136,child,1,KHV,trio,s3://human-pangenomics/working/HPRC/HG02135/raw_data/PacBio_HiFi/m54329U_210715_074913.hifi_reads.bam,s3://human-pangenomics/submissions/B4B0B5DC-5FD5-42D5-8434-10DEF7D99E98--HPRC_DEEPCONSENSUS_v1pt2_2024_02_q20_re-run/HG02135/raw_data/PacBio_HiFi/deepconsensus/v1pt2/HG02135.m54329U_210715_074913.dc.q20.fastq.gz,10.6,12.96,HG02135.HFSS3,Sequel II,s3://human-pangenomics/working/HPRC/HG02135/raw_data/nanopore/guppy_6/06_22_21_R941_HG02135_1_Guppy_6.4.6_450bps_modbases_5mc_cg_sup_prom_pass.bam,33.46,R941,PromethION,06_22_21_R941_HG02135
NA18505,s3://human-pangenomics/working/HPRC/NA18505/raw_data/Illumina/child/NA18505.final.cram,41.03,Illumina NovaSeq 6000,Y005,0,0,mother,2,YRI,hic,s3://human-pangenomics/working/HPRC/NA18505/raw_data/PacBio_HiFi/m84091_230718_154039_s1.hifi_reads.bc1021.bam,,29.8,,NA18505_PB1_m84091_230718_154039_s1,Revio,s3://human-pangenomics/working/HPRC/NA18505/raw_data/nanopore/dorado0.6.0_sup4.3.0_5mCG_5hmCG/10_24_23_R1041_HPRC_NA18505_3_dorado0.6.0_sup4.3.0_5mCG_5hmCG.bam,33.45,R1041,PromethION,10_24_23_R1041_HPRC_NA18505_3
HG02293,s3://human-pangenomics/working/HPRC/HG02293/raw_data/Illumina/child/HG02293.final.cram,36.27,Illumina NovaSeq 6000,PEL51,HG02291,HG02292,child,2,PEL,trio,s3://human-pangenomics/working/HPRC/HG02293/raw_data/PacBio_HiFi/m84046_230707_205716_s4.default--default.bam,,15.1,,HG02293.HFSS_m84046_230707_205716_s4,Revio,s3://human-pangenomics/working/HPRC/HG02293/raw_data/nanopore/guppy_6/08_17_21_R941_HG02293_3_Guppy_6.4.6_450bps_modbases_5mc_cg_sup_prom_pass.bam,33.18,R941,PromethION,08_17_21_R941_HG02293
HG01975,s3://human-pangenomics/working/HPRC/HG01975/raw_data/Illumina/child/HG01975.final.cram,38.54,Illumina NovaSeq 6000,PEL25,HG01974,HG01973,child,2,PEL,trio,s3://human-pangenomics/working/HPRC/HG01975/raw_data/PacBio_HiFi/m84081_230721_192906_s4.hifi_reads.bc2025.bam,,12.0,,HG01975_lib1,Revio,s3://human-pangenomics/working/HPRC/HG01975/raw_data/nanopore/guppy_6/08_03_21_R941_HG01975_1_Guppy_6.5.7_450bps_modbases_5mc_cg_sup_prom_pass.bam,33.07,R941,PromethION,08_03_21_R941_HG01975
HG01786,s3://human-pangenomics/working/HPRC/HG01786/raw_data/Illumina/child/HG01786.final.cram,57.26,Illumina NovaSeq 6000,IBS054,0,0,mother,2,IBS,hic,s3://human-pangenomics/working/HPRC/HG01786/raw_data/PacBio_HiFi/m84081_230616_175717_s2.hifi_reads.bc2012.bam,,37.1,,HG01786_lib1_m84081_230616_175717_s2_m84081_230616_175717_s2,Revio,s3://human-pangenomics/working/HPRC/HG01786/raw_data/nanopore/dorado0.6.0_sup4.3.0_5mCG_5hmCG/11_28_23_R1041_HPRC_HG01786_2_dorado0.6.0_sup4.3.0_5mCG_5hmCG.bam,32.56,R1041,PromethION,11_28_23_R1041_HPRC_HG01786_2
HG02602,s3://human-pangenomics/working/HPRC/HG02602/raw_data/Illumina/child/HG02602.final.cram,38.55,Illumina NovaSeq 6000,PK09,HG02600,HG02601,child,1,PJL,trio,s3://human-pangenomics/working/HPRC/HG02602/raw_data/PacBio_HiFi/m64043_210618_184604.hifi_reads.bam,s3://human-pangenomics/working/HPRC/HG02602/raw_data/PacBio_HiFi/deepconsensus/v1pt2/HG02602.m64043_210618_184604.dc.q20.fastq.gz,11.7,12.88,HG02602_lib1,Sequel II,s3://human-pangenomics/working/HPRC/HG02602/raw_data/nanopore/guppy_6/07_20_21_R941_HG02602_1_Guppy_6.5.7_450bps_modbases_5mc_cg_sup_prom_pass.bam,32.31,R941,PromethION,07_20_21_R941_HG02602
HG04157,s3://human-pangenomics/working/HPRC/HG04157/raw_data/Illumina/child/HG04157.final.cram,37.15,Illumina NovaSeq 6000,BD52,HG04155,HG04156,child,1,BEB,trio,s3://human-pangenomics/working/HPRC/HG04157/raw_data/PacBio_HiFi/m84091_230817_143140_s2.hifi_reads.bc1008.bam,,25.5,,HG04157_PB3_m84091_230817_143140_s2.hifi_reads.bc1008.bam,Revio,s3://human-pangenomics/working/HPRC/HG04157/raw_data/nanopore/guppy_6/08_03_21_R941_HG04157_2_Guppy_6.5.7_450bps_modbases_5mc_cg_sup_prom_pass.bam,32.3,R941,PromethION,08_03_21_R941_HG04157
HG03804,s3://human-pangenomics/working/HPRC/HG03804/raw_data/Illumina/child/HG03804.final.cram,34.27,Illumina NovaSeq 6000,BD18,HG03803,HG03802,child,2,BEB,trio,s3://human-pangenomics/working/HPRC/HG03804/raw_data/PacBio_HiFi/m84091_230804_181137_s4.hifi_reads.bc1002.bam,,33.6,,HG03804_PB3_m84091_230804_181137_s4.hifi_reads.bc1002.bam,Revio,s3://human-pangenomics/working/HPRC/HG03804/raw_data/nanopore/guppy_6/07_20_21_R941_HG03804_3_Guppy_6.5.7_450bps_modbases_5mc_cg_sup_prom_pass.bam,32.21,R941,PromethION,07_20_21_R941_HG03804
HG01255,s3://human-pangenomics/working/HPRC/HG01255/raw_data/Illumina/child/HG01255.final.cram,37.61,Illumina NovaSeq 6000,CLM15,HG01253,HG01254,child,1,CLM,trio,s3://human-pangenomics/working/HPRC/HG01255/raw_data/PacBio_HiFi/m84081_231105_024654_s3.hifi_reads.default.bam,,34.5,,HG01255_lib1_m84081_231105_024654_s3,Revio,s3://human-pangenomics/working/HPRC/HG01255/raw_data/nanopore/guppy_6/07_13_21_R941_HG01255_3_Guppy_6.4.6_450bps_modbases_5mc_cg_sup_prom_pass.bam,32.19,R941,PromethION,07_13_21_R941_HG01255
HG00609,s3://human-pangenomics/working/HPRC/HG00609/raw_data/Illumina/child/HG00609.final.cram,37.42,Illumina NovaSeq 6000,SH062,HG00607,HG00608,child,1,CHS,trio,s3://human-pangenomics/working/HPRC/HG00609/raw_data/PacBio_HiFi/m64136_210620_054327.hifi_reads.bam,s3://human-pangenomics/working/HPRC/HG00609/raw_data/PacBio_HiFi/deepconsensus/v1pt2/HG00609.m64136_210620_054327.dc.q20.fastq.gz,11.8,12.92,HG00609_lib1,Sequel II,s3://human-pangenomics/working/HPRC/HG00609/raw_data/nanopore/guppy_6/08_10_21_R941_HG00609_2_Guppy_6.4.6_450bps_modbases_5mc_cg_sup_prom_pass.bam,32.14,R941,PromethION,08_10_21_R941_HG00609
NA19835,s3://human-pangenomics/working/HPRC/NA19835/raw_data/Illumina/child/NA19835.final.cram,45.52,Illumina NovaSeq 6000,2424,0,0,mother,2,ASW,hic,s3://human-pangenomics/working/HPRC/NA19835/raw_data/PacBio_HiFi/m84091_230724_160010_s2.hifi_reads.bc1001.bam,,30.8,,NA19835_PB1_m84091_230724_160010_s2,Revio,s3://human-pangenomics/working/HPRC/NA19835/raw_data/nanopore/dorado0.6.0_sup4.3.0_5mCG_5hmCG/10_31_23_R1041_HPRC_NA19835_1_dorado0.6.0_sup4.3.0_5mCG_5hmCG.bam,32.12,R1041,PromethION,10_31_23_R1041_HPRC_NA19835_1
NA19776,s3://human-pangenomics/working/HPRC/NA19776/raw_data/Illumina/child/NA19776.final.cram,35.56,Illumina NovaSeq 6000,m034,0,0,mother,2,MXL,hic,s3://human-pangenomics/working/HPRC/NA19776/raw_data/PacBio_HiFi/m84046_230513_215634_s1.hifi_reads.bc2014.bam,,20.8,,PG19776.HFSS_m84046_230513_215634_s1,Revio,s3://human-pangenomics/working/HPRC/NA19776/raw_data/nanopore/dorado0.6.0_sup4.3.0_5mCG_5hmCG/10_24_23_R1041_HPRC_NA19776_1_dorado0.6.0_sup4.3.0_5mCG_5hmCG.bam,31.98,R1041,PromethION,10_24_23_R1041_HPRC_NA19776_1
HG02071,s3://human-pangenomics/working/HPRC/HG02071/raw_data/Illumina/child/HG02071.final.cram,38.53,Illumina NovaSeq 6000,VN065,HG02073,HG02072,child,1,KHV,trio,s3://human-pangenomics/working/HPRC/HG02071/raw_data/PacBio_HiFi/m84046_230712_000908_s4.hifi_reads.default.bam,,24.6,,HG02071.HFSS_A_m84046_230712_000908_s4,Revio,s3://human-pangenomics/working/HPRC/HG02071/raw_data/nanopore/guppy_6/07_13_21_R941_HG02071_2_Guppy_6.4.6_450bps_modbases_5mc_cg_sup_prom_pass.bam,31.93,R941,PromethION,07_13_21_R941_HG02071
HG01433,s3://human-pangenomics/working/HPRC/HG01433/raw_data/Illumina/child/HG01433.final.cram,38.77,Illumina NovaSeq 6000,CLM43,HG01431,HG01432,child,1,CLM,trio,s3://human-pangenomics/working/HPRC/HG01433/raw_data/PacBio_HiFi/m84081_230727_193748_s2.hifi_reads.default.bam,,13.7,,HG01433_lib1_m84081_230727_193748_s2,Revio,s3://human-pangenomics/working/HPRC/HG01433/raw_data/nanopore/guppy_6/08_10_21_R941_HG01433_1_Guppy_6.4.6_450bps_modbases_5mc_cg_sup_prom_pass.bam,31.67,R941,PromethION,08_10_21_R941_HG01433
NA19682,s3://human-pangenomics/working/HPRC/NA19682/raw_data/Illumina/child/NA19682.final.cram,34.54,Illumina NovaSeq 6000,m010,0,0,father,1,MXL,hic,s3://human-pangenomics/working/HPRC/NA19682/raw_data/PacBio_HiFi/m84046_230504_202347_s2.hifi_reads.bc2090.bam,,17.4,,PG19682.HFSS_m84046_230504_202347_s2,Revio,s3://human-pangenomics/working/HPRC/NA19682/raw_data/nanopore/dorado0.6.0_sup4.3.0_5mCG_5hmCG/11_28_23_R1041_HPRC_NA19682_1_dorado0.6.0_sup4.3.0_5mCG_5hmCG.bam,31.36,R1041,PromethION,11_28_23_R1041_HPRC_NA19682_1
HG02040,s3://human-pangenomics/working/HPRC/HG02040/raw_data/Illumina/child/HG02040.final.cram,36.62,Illumina NovaSeq 6000,VN054,0,0,unrel,1,KHV,hic,s3://human-pangenomics/working/HPRC/HG02040/raw_data/PacBio_HiFi/m84046_230531_221339_s3.hifi_reads.bc2056.bam,,15.1,,PG02040.HFSS2_m84046_230531_221339_s3,Revio,s3://human-pangenomics/working/HPRC/HG02040/raw_data/nanopore/guppy_6/06_28_22_R941_HG02040_2_Guppy_6.5.7_450bps_modbases_5mc_cg_sup_prom_pass.bam,31.23,R941,PromethION,06_28_22_R941_HG02040
HG02922,s3://human-pangenomics/working/HPRC/HG02922/raw_data/Illumina/child/HG02922.final.cram,34.9,Illumina NovaSeq 6000,NG06,0,0,mother,2,ESN,hic,s3://human-pangenomics/working/HPRC/HG02922/raw_data/PacBio_HiFi/m54329U_220905_144015-bc2053.5mc.hifi_reads.bam,s3://human-pangenomics/submissions/42AFCE59-2972-45EE-BB72-5B84E7B57377--HPRC_DEEPCONSENSUS_v1pt2_2023_08_q20/HG02922/raw_data/PacBio_HiFi/deepconsensus/v1pt2/HG02922.m54329U_220905_144015.dc.q20.fastq.gz,15.0,16.99,PG02922.HFSS2,Sequel II,s3://human-pangenomics/working/HPRC/HG02922/raw_data/nanopore/guppy_6/06_28_22_R941_HG02922_1_Guppy_6.5.7_450bps_modbases_5mc_cg_sup_prom_pass.bam,31.01,R941,PromethION,06_28_22_R941_HG02922
HG00639,s3://human-pangenomics/working/HPRC/HG00639/raw_data/Illumina/child/HG00639.final.cram,33.32,Illumina NovaSeq 6000,PR03,HG00637,HG00638,child,2,PUR,trio,s3://human-pangenomics/working/HPRC/HG00639/raw_data/PacBio_HiFi/m84046_230707_192442_s1.hifi_reads.bc2059.bam,,22.3,,HG00639.HFSS2_m84046_230707_192442_s1,Revio,s3://human-pangenomics/working/HPRC/HG00639/raw_data/nanopore/guppy_6/03_01_22_R941_HG00639_1_Guppy_6.5.7_450bps_modbases_5mc_cg_sup_prom_pass.bam,30.82,R941,PromethION,03_01_22_R941_HG00639
HG03209,s3://human-pangenomics/working/HPRC/HG03209/raw_data/Illumina/child/HG03209.final.cram,35.79,Illumina NovaSeq 6000,SL17,0,0,child,1,MSL,hic,s3://human-pangenomics/working/HPRC/HG03209/raw_data/PacBio_HiFi/m84046_230617_033126_s1.hifi_reads.bc2020.bam,,17.7,,HG03209.HFSS_m84046_230617_033126_s1,Revio,s3://human-pangenomics/working/HPRC/HG03209/raw_data/nanopore/guppy_6/05_17_22_R941_HG03209_1_Guppy_6.5.7_450bps_modbases_5mc_cg_sup_prom_pass.bam,30.66,R941,PromethION,05_17_22_R941_HG03209
HG03453,s3://human-pangenomics/working/HPRC/HG03453/raw_data/Illumina/child/HG03453.final.cram,35.39,Illumina NovaSeq 6000,SL50,HG03451,HG03452,child,2,MSL,trio,s3://human-pangenomics/working/HPRC/HG03453/raw_data/PacBio_HiFi/m64043_200509_233929.ccs.bam,s3://human-pangenomics/submissions/3A25CF8A-1F36-42EE-BC9F-D29CECAA2A99--HPRC_DEEPCONSENSUS_v1pt2_2023_12_q20/HG03453/raw_data/PacBio_HiFi/deepconsensus/v1pt2/HG03453.m64043_200509_233929.dc.q20.fastq.gz,13.4,15.53,HG03453_lib1,Sequel II,s3://human-pangenomics/working/HPRC/HG03453/raw_data/nanopore/guppy_6/03_14_23_R941_HG03453_1_Guppy_6.5.7_450bps_modbases_5mc_cg_sup_prom_pass.bam,30.59,R941,PromethION,03_14_23_R941_HG03453_1_Guppy_6.5.7_450bps_modbases_5mc_cg_sup_prom_pass
HG03521,s3://human-pangenomics/working/HPRC/HG03521/raw_data/Illumina/child/HG03521.final.cram,37.35,Illumina NovaSeq 6000,NG109,0,0,father,1,ESN,hic,s3://human-pangenomics/working/HPRC/HG03521/raw_data/PacBio_HiFi/m84046_230718_230843_s2.hifi_reads.bc2084.bam,,32.3,,PG03521.HFSS2_m84046_230718_230843_s2,Revio,s3://human-pangenomics/working/HPRC/HG03521/raw_data/nanopore/dorado0.6.0_sup4.3.0_5mCG_5hmCG/10_24_23_R1041_HPRC_HG03521_3_dorado0.6.0_sup4.3.0_5mCG_5hmCG.bam,30.56,R1041,PromethION,10_24_23_R1041_HPRC_HG03521_3
HG03710,s3://human-pangenomics/working/HPRC/HG03710/raw_data/Illumina/child/HG03710.final.cram,37.3,Illumina NovaSeq 6000,PK62,HG03708,HG03709,child,1,PJL,trio,s3://human-pangenomics/working/HPRC/HG03710/raw_data/PacBio_HiFi/m84081_231117_204232_s3.hifi_reads.bc2082.bam,,14.2,,HG03710_lib1_m84081_231117_204232_s3,Revio,s3://human-pangenomics/working/HPRC/HG03710/raw_data/nanopore/guppy_6/07_20_21_R941_HG03710_3_Guppy_6.5.7_450bps_modbases_5mc_cg_sup_prom_pass.bam,30.55,R941,PromethION,07_20_21_R941_HG03710
HG04228,s3://human-pangenomics/working/HPRC/HG04228/raw_data/Illumina/child/HG04228.final.cram,36.36,Illumina NovaSeq 6000,ST232,HG04229,HG04227,child,1,STU,trio,s3://human-pangenomics/working/HPRC/HG04228/raw_data/PacBio_HiFi/m84046_230617_033126_s1.hifi_reads.default.bam,,15.4,,HG04228.HFSS_D_m84046_230617_033126_s1,Revio,s3://human-pangenomics/working/HPRC/HG04228/raw_data/nanopore/guppy_6/08_10_21_R941_HG04228_1_Guppy_6.5.7_450bps_modbases_5mc_cg_sup_prom_pass.bam,30.32,R941,PromethION,08_10_21_R941_HG04228
HG02132,s3://human-pangenomics/working/HPRC/HG02132/raw_data/Illumina/child/HG02132.final.cram,37.13,Illumina NovaSeq 6000,VN080,HG02134,HG02133,child,1,KHV,trio,s3://human-pangenomics/working/HPRC/HG02132/raw_data/PacBio_HiFi/m84046_230603_204152_s4.hifi_reads.default.bam,,21.7,,HG02132.HFSSc_m84046_230603_204152_s4,Revio,s3://human-pangenomics/working/HPRC/HG02132/raw_data/nanopore/guppy_6/07_13_21_R941_HG02132_1_Guppy_6.4.6_450bps_modbases_5mc_cg_sup_prom_pass.bam,30.27,R941,PromethION,07_13_21_R941_HG02132
HG01081,s3://human-pangenomics/working/HPRC/HG01081/raw_data/Illumina/child/HG01081.final.cram,37.06,Illumina NovaSeq 6000,PR21,HG01079,HG01080,child,2,PUR,trio,s3://human-pangenomics/working/HPRC/HG01081/raw_data/PacBio_HiFi/m84046_230628_210130_s1.bc2065--bc2065.bam,,13.4,,HG01081.HFSS2_m84046_230628_210130_s1,Revio,s3://human-pangenomics/working/HPRC/HG01081/raw_data/nanopore/guppy_6/03_01_22_R941_HG01081_4_Guppy_6.5.7_450bps_modbases_5mc_cg_sup_prom_pass.bam,30.17,R941,PromethION,03_01_22_R941_HG01081
NA20346,s3://human-pangenomics/working/HPRC/NA20346/raw_data/Illumina/child/NA20346.final.cram,35.84,Illumina NovaSeq 6000,2490,0,0,father,1,ASW,hic,s3://human-pangenomics/working/HPRC/NA20346/raw_data/PacBio_HiFi/m84081_230525_180017_s4.hifi_reads.bc2006.bam,,31.9,,NA20346_lib1_m84081_230525_180017_s4_m84081_230525_180017_s4,Revio,s3://human-pangenomics/working/HPRC/NA20346/raw_data/nanopore/dorado0.6.0_sup4.3.0_5mCG_5hmCG/11_28_23_R1041_HPRC_NA20346_3_dorado0.6.0_sup4.3.0_5mCG_5hmCG.bam,30.16,R1041,PromethION,11_28_23_R1041_HPRC_NA20346_3
HG01346,s3://human-pangenomics/working/HPRC/HG01346/raw_data/Illumina/child/HG01346.final.cram,36.92,Illumina NovaSeq 6000,CLM27,HG01344,HG01345,child,2,CLM,trio,s3://human-pangenomics/working/HPRC/HG01346/raw_data/PacBio_HiFi/m84046_230720_182350_s1.hifi_reads.bc2005.bam,,21.6,,HG01346.HFSS2_m84046_230720_182350_s1,Revio,s3://human-pangenomics/working/HPRC/HG01346/raw_data/nanopore/guppy_6/08_17_21_R941_HG01346_2_Guppy_6.4.6_450bps_modbases_5mc_cg_sup_prom_pass.bam,30.15,R941,PromethION,08_17_21_R941_HG01346
HG02572,s3://human-pangenomics/working/HPRC/HG02572/raw_data/Illumina/child/HG02572.final.cram,36.6,Illumina NovaSeq 6000,GB21,HG02570,HG02571,child,1,GWD,trio,s3://human-pangenomics/working/HPRC/HG02572/raw_data/PacBio_HiFi/m84046_230711_233802_s3.hifi_reads.default.bam,,22.6,,HG02572.HFSS3_m84046_230711_233802_s3,Revio,s3://human-pangenomics/working/HPRC/HG02572/raw_data/nanopore/guppy_6/03_14_23_R941_HG02572_2_Guppy_6.5.7_450bps_modbases_5mc_cg_sup_prom_pass.bam,30.13,R941,PromethION,03_14_23_R941_HG02572_2_Guppy_6.5.7_450bps_modbases_5mc_cg_sup_prom_pass
HG03017,s3://human-pangenomics/working/HPRC/HG03017/raw_data/Illumina/child/HG03017.final.cram,38.0,Illumina NovaSeq 6000,PK35,HG03015,HG03016,child,1,PJL,trio,s3://human-pangenomics/working/HPRC/HG03017/raw_data/PacBio_HiFi/m54329U_220109_103416-bc1012.5mc.hifi_reads.bam,s3://human-pangenomics/submissions/42AFCE59-2972-45EE-BB72-5B84E7B57377--HPRC_DEEPCONSENSUS_v1pt2_2023_08_q20/HG03017/raw_data/PacBio_HiFi/deepconsensus/v1pt2/HG03017.m54329U_220109_103416.dc.q20.fastq.gz,10.1,11.72,HG03017.HFSS,Sequel II,s3://human-pangenomics/working/HPRC/HG03017/raw_data/nanopore/guppy_6/03_01_22_R941_HG03017_2_Guppy_6.5.7_450bps_modbases_5mc_cg_sup_prom_pass.bam,30.05,R941,PromethION,03_01_22_R941_HG03017
NA21110,s3://human-pangenomics/working/HPRC/NA21110/raw_data/Illumina/child/NA21110.final.cram,51.87,Illumina NovaSeq 6000,NA21110,0,0,unrel,2,GIH,hic,s3://human-pangenomics/working/HPRC/NA21110/raw_data/PacBio_HiFi/m84091_230710_165908_s1.hifi_reads.bc1011.bam,,28.8,,NA21110_PB1_m84091_230710_165908_s1,Revio,s3://human-pangenomics/working/HPRC/NA21110/raw_data/nanopore/dorado0.6.0_sup4.3.0_5mCG_5hmCG/01_16_24_R1041_HPRC_NA21110_2_dorado0.6.0_sup4.3.0_5mCG_5hmCG.bam,30.01,R1041,PromethION,01_16_24_R1041_HPRC_NA21110_2
HG03816,s3://human-pangenomics/working/HPRC/HG03816/raw_data/Illumina/child/HG03816.final.cram,33.06,Illumina NovaSeq 6000,BD22,HG03815,HG03814,child,2,BEB,trio,s3://human-pangenomics/working/HPRC/HG03816/raw_data/PacBio_HiFi/m84091_230802_183430_s4.hifi_reads.bc1009.bam,,25.9,,HG03816_PB3_m84091_230802_183430_s4.hifi_reads.bc1009.bam,Revio,s3://human-pangenomics/working/HPRC/HG03816/raw_data/nanopore/guppy_6/07_20_21_R941_HG03816_3_Guppy_6.5.7_450bps_modbases_5mc_cg_sup_prom_pass.bam,30.01,R941,PromethION,07_20_21_R941_HG03816
HG00350,s3://human-pangenomics/working/HPRC/HG00350/raw_data/Illumina/child/HG00350.final.cram,51.48,Illumina NovaSeq 6000,HG00350,0,0,unrel,2,FIN,hic,s3://human-pangenomics/working/HPRC/HG00350/raw_data/PacBio_HiFi/m84046_230703_222200_s3.hifi_reads.bc2048.bam,,37.8,,PG00350.HFSS_m84046_230703_222200_s3,Revio,s3://human-pangenomics/working/HPRC/HG00350/raw_data/nanopore/dorado0.6.0_sup4.3.0_5mCG_5hmCG/10_24_23_R1041_HPRC_HG00350_3_dorado0.6.0_sup4.3.0_5mCG_5hmCG.bam,29.91,R1041,PromethION,10_24_23_R1041_HPRC_HG00350_3
HG02392,s3://human-pangenomics/working/HPRC/HG02392/raw_data/Illumina/child/HG02392.final.cram,35.91,Illumina NovaSeq 6000,HG02392,0,0,unrel,1,CDX,hic,s3://human-pangenomics/working/HPRC/HG02392/raw_data/PacBio_HiFi/m84091_230705_171239_s1.hifi_reads.bc1002.bam,,22.7,,HG02392_PB1_m84091_230705_171239_s1,Revio,s3://human-pangenomics/working/HPRC/HG02392/raw_data/nanopore/dorado0.6.0_sup4.3.0_5mCG_5hmCG/10_31_23_R1041_HPRC_HG02392_1_dorado0.6.0_sup4.3.0_5mCG_5hmCG.bam,29.7,R1041,PromethION,10_31_23_R1041_HPRC_HG02392_1
NA18522,s3://human-pangenomics/working/HPRC/NA18522/raw_data/Illumina/child/NA18522.final.cram,33.68,Illumina NovaSeq 6000,Y016,0,0,father,1,YRI,hic,s3://human-pangenomics/working/HPRC/NA18522/raw_data/PacBio_HiFi/m54329U_220607_194753-bc2021.5mc.hifi_reads.bam,s3://human-pangenomics/submissions/42AFCE59-2972-45EE-BB72-5B84E7B57377--HPRC_DEEPCONSENSUS_v1pt2_2023_08_q20/NA18522/raw_data/PacBio_HiFi/deepconsensus/v1pt2/NA18522.m54329U_220607_194753.dc.q20.fastq.gz,15.0,17.03,NA18522.HFSS,Sequel II,s3://human-pangenomics/working/HPRC/NA18522/raw_data/nanopore/guppy_6/05_17_22_R941_GM18522_2_Guppy_6.5.7_450bps_modbases_5mc_cg_sup_prom_pass.bam,29.67,R941,PromethION,05_17_22_R941_GM18522
HG02615,s3://human-pangenomics/working/HPRC/HG02615/raw_data/Illumina/child/HG02615.final.cram,39.15,Illumina NovaSeq 6000,GB29,HG02613,HG02614,child,2,GWD,trio,s3://human-pangenomics/working/HPRC/HG02615/raw_data/PacBio_HiFi/m84081_231105_031800_s4.hifi_reads.default.bam,,36.3,,HG02615_lib1_m84081_231105_031800_s4,Revio,s3://human-pangenomics/working/HPRC/HG02615/raw_data/nanopore/guppy_6/07_20_21_R941_HG02615_2_Guppy_6.5.7_450bps_modbases_5mc_cg_sup_prom_pass.bam,29.54,R941,PromethION,07_20_21_R941_HG02615
HG02523,s3://human-pangenomics/working/HPRC/HG02523/raw_data/Illumina/child/HG02523.final.cram,36.25,Illumina NovaSeq 6000,VN090,HG02521,HG02522,child,2,KHV,trio,s3://human-pangenomics/working/HPRC/HG02523/raw_data/PacBio_HiFi/m64043_210506_183430.hifi_reads.bam,s3://human-pangenomics/working/HPRC/HG02523/raw_data/PacBio_HiFi/deepconsensus/v1pt2/HG02523.m64043_210506_183430.dc.q20.fastq.gz,11.2,12.56,HG02523_lib1,Sequel II,s3://human-pangenomics/working/HPRC/HG02523/raw_data/nanopore/guppy_6/12_08_21_R941_HG02523_1_Guppy_6.4.6_450bps_modbases_5mc_cg_sup_prom_pass.bam,29.08,R941,PromethION,12_08_21_R941_HG02523
HG03942,s3://human-pangenomics/working/HPRC/HG03942/raw_data/Illumina/child/HG03942.final.cram,36.07,Illumina NovaSeq 6000,BD42,HG03941,HG03940,child,1,BEB,trio,s3://human-pangenomics/working/HPRC/HG03942/raw_data/PacBio_HiFi/m84046_230711_230656_s2.hifi_reads.default.bam,,22.4,,HG03942.HFSS_C_m84046_230711_230656_s2,Revio,s3://human-pangenomics/working/HPRC/HG03942/raw_data/nanopore/guppy_6/07_20_21_R941_HG03942_2_Guppy_6.5.7_450bps_modbases_5mc_cg_sup_prom_pass.bam,29.07,R941,PromethION,07_20_21_R941_HG03942
NA18608,s3://human-pangenomics/working/HPRC/NA18608/raw_data/Illumina/child/NA18608.final.cram,35.33,Illumina NovaSeq 6000,NA18608,0,0,unrel,1,CHB,hic,s3://human-pangenomics/working/HPRC/NA18608/raw_data/PacBio_HiFi/m84081_230601_210338_s2.hifi_reads.bc2007.bam,,40.7,,NA18608_lib1_m84081_230601_210338_s2_m84081_230601_210338_s2,Revio,s3://human-pangenomics/working/HPRC/NA18608/raw_data/nanopore/dorado0.6.0_sup4.3.0_5mCG_5hmCG/10_31_23_R1041_HPRC_NA18608_1_dorado0.6.0_sup4.3.0_5mCG_5hmCG.bam,29.07,R1041,PromethION,10_31_23_R1041_HPRC_NA18608_1
HG04199,s3://human-pangenomics/working/HPRC/HG04199/raw_data/Illumina/child/HG04199.final.cram,35.63,Illumina NovaSeq 6000,ST203,HG04100,HG04099,child,1,STU,trio,s3://human-pangenomics/working/HPRC/HG04199/raw_data/PacBio_HiFi/m84046_230703_225306_s4.hifi_reads.default.bam,,30.1,,HG04199.HFSS_m84046_230703_225306_s4,Revio,s3://human-pangenomics/working/HPRC/HG04199/raw_data/nanopore/guppy_6/08_10_21_R941_HG04199_1_Guppy_6.5.7_450bps_modbases_5mc_cg_sup_prom_pass.bam,29.05,R941,PromethION,08_10_21_R941_HG04199
HG02738,s3://human-pangenomics/working/HPRC/HG02738/raw_data/Illumina/child/HG02738.final.cram,44.89,Illumina NovaSeq 6000,PK27,HG02736,HG02737,child,1,PJL,trio,s3://human-pangenomics/working/HPRC/HG02738/raw_data/PacBio_HiFi/m84046_230623_213746_s2.hifi_reads.default.bam,,15.8,,HG02738.HFSS_m84046_230623_213746_s2,Revio,s3://human-pangenomics/working/HPRC/HG02738/raw_data/nanopore/guppy_6/08_17_21_R941_HG02738_3_Guppy_6.5.7_450bps_modbases_5mc_cg_sup_prom_pass.bam,29.0,R941,PromethION,08_17_21_R941_HG02738
NA21093,s3://human-pangenomics/working/HPRC/NA21093/raw_data/Illumina/child/NA21093.final.cram,46.45,Illumina NovaSeq 6000,NA21093,0,0,unrel,1,GIH,hic,s3://human-pangenomics/working/HPRC/NA21093/raw_data/PacBio_HiFi/m84046_230428_231421_s3.hifi_reads.bc2094.bam,,19.4,,PG21093.HFSS_m84046_230428_231421_s3,Revio,s3://human-pangenomics/working/HPRC/NA21093/raw_data/nanopore/dorado0.6.0_sup4.3.0_5mCG_5hmCG/12_12_23_R1041_HPRC_NA21093_2_dorado0.6.0_sup4.3.0_5mCG_5hmCG.bam,28.97,R1041,PromethION,12_12_23_R1041_HPRC_NA21093_2
NA19909,s3://human-pangenomics/working/HPRC/NA19909/raw_data/Illumina/child/NA19909.final.cram,35.32,Illumina NovaSeq 6000,2427,0,0,mother,2,ASW,hic,s3://human-pangenomics/working/HPRC/NA19909/raw_data/PacBio_HiFi/m84081_231207_200206_s1.hifi_reads.bc2008.bam,,38.1,,NA19909_lib1_m84081_231207_200206_s1_m84081_231207_200206_s1,Revio,s3://human-pangenomics/working/HPRC/NA19909/raw_data/nanopore/dorado0.6.0_sup4.3.0_5mCG_5hmCG/11_14_23_R1041_HPRC_NA19909_3_dorado0.6.0_sup4.3.0_5mCG_5hmCG.bam,28.6,R1041,PromethION,11_14_23_R1041_HPRC_NA19909_3
HG03540,s3://human-pangenomics/working/HPRC/HG03540/raw_data/Illumina/child/HG03540.final.cram,39.56,Illumina NovaSeq 6000,GB125,HG03538,HG03539,child,2,GWD,trio,s3://human-pangenomics/working/HPRC/HG03540/raw_data/PacBio_HiFi/m64043_200521_171703.ccs.bam,s3://human-pangenomics/submissions/3A25CF8A-1F36-42EE-BC9F-D29CECAA2A99--HPRC_DEEPCONSENSUS_v1pt2_2023_12_q20/HG03540/raw_data/PacBio_HiFi/deepconsensus/v1pt2/HG03540.m64043_200521_171703.dc.q20.fastq.gz,12.7,15.01,HG03540_lib1,Sequel II,s3://human-pangenomics/working/HPRC/HG03540/raw_data/nanopore/guppy_6/03_14_23_R941_HG03540_2_Guppy_6.5.7_450bps_modbases_5mc_cg_sup_prom_pass.bam,28.57,R941,PromethION,03_14_23_R941_HG03540_2_Guppy_6.5.7_450bps_modbases_5mc_cg_sup_prom_pass
NA18971,s3://human-pangenomics/working/HPRC/NA18971/raw_data/Illumina/child/NA18971.final.cram,36.68,Illumina NovaSeq 6000,NA18971,0,0,unrel,1,JPT,hic,s3://human-pangenomics/working/HPRC/NA18971/raw_data/PacBio_HiFi/m84081_230628_190945_s2.hifi_reads.bc1011.bam,,13.6,,NA18971_lib1,Revio,s3://human-pangenomics/working/HPRC/NA18971/raw_data/nanopore/guppy_6/06_28_22_R941_GM18971_2_Guppy_6.5.7_450bps_modbases_5mc_cg_sup_prom_pass.bam,28.49,R941,PromethION,06_28_22_R941_GM18971
NA18508,s3://human-pangenomics/working/HPRC/NA18508/raw_data/Illumina/child/NA18508.final.cram,51.25,Illumina NovaSeq 6000,Y009,0,0,mother,2,YRI,hic,s3://human-pangenomics/working/HPRC/NA18508/raw_data/PacBio_HiFi/m84046_230513_215634_s1.hifi_reads.bc2001.bam,,21.1,,PG18508.HFSS2_m84046_230513_215634_s1,Revio,s3://human-pangenomics/working/HPRC/NA18508/raw_data/nanopore/dorado0.6.0_sup4.3.0_5mCG_5hmCG/09_12_23_R1041_HPRC_NA18508_3_dorado0.6.0_sup4.3.0_5mCG_5hmCG.bam,28.38,R1041,PromethION,09_12_23_R1041_HPRC_NA18508_3
HG04204,s3://human-pangenomics/working/HPRC/HG04204/raw_data/Illumina/child/HG04204.final.cram,36.29,Illumina NovaSeq 6000,ST006,HG03679,HG03642,child,1,STU,trio,s3://human-pangenomics/working/HPRC/HG04204/raw_data/PacBio_HiFi/m84046_230623_213746_s2.hifi_reads.bc1003.bam,,20.1,,HG04204.HFSS_m84046_230623_213746_s2,Revio,s3://human-pangenomics/working/HPRC/HG04204/raw_data/nanopore/guppy_6/08_10_21_R941_HG04204_1_Guppy_6.5.7_450bps_modbases_5mc_cg_sup_prom_pass.bam,28.35,R941,PromethION,08_10_21_R941_HG04204
NA20870,s3://human-pangenomics/working/HPRC/NA20870/raw_data/Illumina/child/NA20870.final.cram,34.65,Illumina NovaSeq 6000,NA20870,0,0,unrel,1,GIH,hic,s3://human-pangenomics/working/HPRC/NA20870/raw_data/PacBio_HiFi/m84091_230703_175432_s4.hifi_reads.bc1010.bam,,35.7,,NA20870_PB1_m84091_230703_175432_s4,Revio,s3://human-pangenomics/working/HPRC/NA20870/raw_data/nanopore/dorado0.6.0_sup4.3.0_5mCG_5hmCG/11_14_23_R1041_HPRC_NA20870_1_dorado0.6.0_sup4.3.0_5mCG_5hmCG.bam,28.34,R1041,PromethION,11_14_23_R1041_HPRC_NA20870_1
HG02074,s3://human-pangenomics/working/HPRC/HG02074/raw_data/Illumina/child/HG02074.final.cram,46.03,Illumina NovaSeq 6000,VN066,HG02076,HG02075,child,1,KHV,trio,s3://human-pangenomics/working/HPRC/HG02074/raw_data/PacBio_HiFi/m84046_230624_204605_s4.hifi_reads.default.bam,,35.7,,HG02074.HFSSb_m84046_230624_204605_s4,Revio,s3://human-pangenomics/working/HPRC/HG02074/raw_data/nanopore/guppy_6/07_13_21_R941_HG02074_2_Guppy_6.4.6_450bps_modbases_5mc_cg_sup_prom_pass.bam,28.24,R941,PromethION,07_13_21_R941_HG02074
HG03831,s3://human-pangenomics/working/HPRC/HG03831/raw_data/Illumina/child/HG03831.final.cram,35.69,Illumina NovaSeq 6000,BD27,HG03830,HG03829,child,2,BEB,trio,s3://human-pangenomics/working/HPRC/HG03831/raw_data/PacBio_HiFi/m84081_231119_022155_s2.hifi_reads.bc2084.bam,,13.9,,HG03831_lib1_m84081_231119_022155_s2,Revio,s3://human-pangenomics/working/HPRC/HG03831/raw_data/nanopore/guppy_6/08_10_21_R941_HG03831_3_Guppy_6.5.7_450bps_modbases_5mc_cg_sup_prom_pass.bam,28.21,R941,PromethION,08_10_21_R941_HG03831
HG01074,s3://human-pangenomics/working/HPRC/HG01074/raw_data/Illumina/child/HG01074.final.cram,35.95,Illumina NovaSeq 6000,PR18,HG01072,HG01073,child,1,PUR,trio,s3://human-pangenomics/working/HPRC/HG01074/raw_data/PacBio_HiFi/m84046_230712_231732_s2.hifi_reads.bc2061.bam,,11.8,,HG01074.HFSS3_m84046_230712_231732_s2,Revio,s3://human-pangenomics/working/HPRC/HG01074/raw_data/nanopore/guppy_6/02_17_22_R941_HG01074_2_Guppy_6.5.7_450bps_modbases_5mc_cg_sup_prom_pass.bam,27.95,R941,PromethION,02_17_22_R941_HG01074
HG00738,s3://human-pangenomics/working/HPRC/HG00738/raw_data/Illumina/child/HG00738.final.cram,37.06,Illumina NovaSeq 6000,PR07,HG00736,HG00737,child,1,PUR,trio,s3://human-pangenomics/working/HPRC/HG00738/raw_data/PacBio_HiFi/m84081_231112_034048_s4.hifi_reads.bc2079.bam,,30.5,,HG00738_lib1_m84081_231112_034048_s4,Revio,s3://human-pangenomics/working/HPRC/HG00738/raw_data/nanopore/guppy_6/06_22_21_R941_HG00738_1_Guppy_6.4.6_450bps_modbases_5mc_cg_sup_prom_pass.bam,27.9,R941,PromethION,06_22_21_R941_HG00738
NA18974,s3://human-pangenomics/working/HPRC/NA18974/raw_data/Illumina/child/NA18974.final.cram,46.4,Illumina NovaSeq 6000,NA18974,0,0,unrel,1,JPT,hic,s3://human-pangenomics/working/HPRC/NA18974/raw_data/PacBio_HiFi/m84081_230601_220550_s4.hifi_reads.bc2008.bam,,42.0,,NA18974_lib1_m84081_230601_220550_s4_m84081_230601_220550_s4,Revio,s3://human-pangenomics/working/HPRC/NA18974/raw_data/nanopore/dorado0.6.0_sup4.3.0_5mCG_5hmCG/11_28_23_R1041_HPRC_NA18974_2_dorado0.6.0_sup4.3.0_5mCG_5hmCG.bam,27.71,R1041,PromethION,11_28_23_R1041_HPRC_NA18974_2
HG01934,s3://human-pangenomics/working/HPRC/HG01934/raw_data/Illumina/child/HG01934.final.cram,39.22,Illumina NovaSeq 6000,PEL013,HG01932,HG01933,child,1,PEL,trio,s3://human-pangenomics/working/HPRC/HG01934/raw_data/PacBio_HiFi/m84081_231117_204232_s3.hifi_reads.bc2088.bam,,14.3,,HG01934_lib1_m84081_231117_204232_s3,Revio,s3://human-pangenomics/working/HPRC/HG01934/raw_data/nanopore/guppy_6/07_27_21_R941_HG01934_3_Guppy_6.4.6_450bps_modbases_5mc_cg_sup_prom_pass.bam,27.69,R941,PromethION,07_27_21_R941_HG01934
HG00642,s3://human-pangenomics/working/HPRC/HG00642/raw_data/Illumina/child/HG00642.final.cram,37.26,Illumina NovaSeq 6000,PR04,HG00640,HG00641,child,1,PUR,trio,s3://human-pangenomics/working/HPRC/HG00642/raw_data/PacBio_HiFi/m84046_230531_221339_s3.hifi_reads.default.bam,,17.0,,HG00642.HFSS_m84046_230531_221339_s3,Revio,s3://human-pangenomics/working/HPRC/HG00642/raw_data/nanopore/guppy_6/08_10_21_R941_HG00642_3_Guppy_6.5.7_450bps_modbases_5mc_cg_sup_prom_pass.bam,27.68,R941,PromethION,08_10_21_R941_HG00642
NA18620,s3://human-pangenomics/working/HPRC/NA18620/raw_data/Illumina/child/NA18620.final.cram,38.89,Illumina NovaSeq 6000,NA18620,0,0,unrel,1,CHB,hic,s3://human-pangenomics/working/HPRC/NA18620/raw_data/PacBio_HiFi/m84091_230707_165735_s1.hifi_reads.bc1009.bam,,34.3,,NA18620_PB1_m84091_230707_165735_s1,Revio,s3://human-pangenomics/working/HPRC/NA18620/raw_data/nanopore/dorado0.6.0_sup4.3.0_5mCG_5hmCG/01_16_24_R1041_HPRC_NA18620_3_dorado0.6.0_sup4.3.0_5mCG_5hmCG.bam,27.46,R1041,PromethION,01_16_24_R1041_HPRC_NA18620_3
NA21106,s3://human-pangenomics/working/HPRC/NA21106/raw_data/Illumina/child/NA21106.final.cram,57.83,Illumina NovaSeq 6000,NA21106,0,0,unrel,2,GIH,hic,s3://human-pangenomics/working/HPRC/NA21106/raw_data/PacBio_HiFi/m84046_230501_151821_s4.hifi_reads.bc2089.bam,,20.3,,PG21106.HFSS_m84046_230501_151821_s4,Revio,s3://human-pangenomics/working/HPRC/NA21106/raw_data/nanopore/dorado0.6.0_sup4.3.0_5mCG_5hmCG/10_24_23_R1041_HPRC_NA21106_3_dorado0.6.0_sup4.3.0_5mCG_5hmCG.bam,27.32,R1041,PromethION,10_24_23_R1041_HPRC_NA21106_3
HG03688,s3://human-pangenomics/working/HPRC/HG03688/raw_data/Illumina/child/HG03688.final.cram,37.02,Illumina NovaSeq 6000,ST016,HG03885,HG03886,child,1,STU,trio,s3://human-pangenomics/working/HPRC/HG03688/raw_data/PacBio_HiFi/m84046_230707_195504_s2.hifi_reads.default.bam,,19.6,,HG03688.HFSS_b2_m84046_230707_195504_s2,Revio,s3://human-pangenomics/working/HPRC/HG03688/raw_data/nanopore/guppy_6/07_27_21_R941_HG03688_2_Guppy_6.5.7_450bps_modbases_5mc_cg_sup_prom_pass.bam,27.31,R941,PromethION,07_27_21_R941_HG03688
HG00706,s3://human-pangenomics/working/HPRC/HG00706/raw_data/Illumina/child/HG00706.final.cram,36.79,Illumina NovaSeq 6000,SH090,HG00704,HG00705,child,1,CHS,trio,s3://human-pangenomics/working/HPRC/HG00706/raw_data/PacBio_HiFi/m84091_230817_140121_s1.hifi_reads.bc1011.bam,,25.4,,HG00706_PB3_m84091_230817_140121_s1.hifi_reads.bc1011.bam,Revio,s3://human-pangenomics/working/HPRC/HG00706/raw_data/nanopore/guppy_6/07_13_21_R941_HG00706_2_Guppy_6.4.6_450bps_modbases_5mc_cg_sup_prom_pass.bam,27.23,R941,PromethION,07_13_21_R941_HG00706
NA20752,s3://human-pangenomics/working/HPRC/NA20752/raw_data/Illumina/child/NA20752.final.cram,35.27,Illumina NovaSeq 6000,NA20752,0,0,unrel,1,TSI,hic,s3://human-pangenomics/working/HPRC/NA20752/raw_data/PacBio_HiFi/m84046_230517_211630_s4.hifi_reads.bc2052.bam,,21.3,,PG20752.HFSS_m84046_230517_211630_s4,Revio,s3://human-pangenomics/working/HPRC/NA20752/raw_data/nanopore/guppy_6/09_14_22_R941_GM20752_1_Guppy_6.5.7_450bps_modbases_5mc_cg_sup_prom_pass.bam,27.2,R941,PromethION,09_14_22_R941_GM20752
HG01943,s3://human-pangenomics/working/HPRC/HG01943/raw_data/Illumina/child/HG01943.final.cram,35.67,Illumina NovaSeq 6000,PEL016,HG01941,HG01942,child,1,PEL,trio,s3://human-pangenomics/working/HPRC/HG01943/raw_data/PacBio_HiFi/m84081_231124_031433_s4.hifi_reads.bc2093.bam,,16.8,,HG01943_lib1_m84081_231124_031433_s4,Revio,s3://human-pangenomics/working/HPRC/HG01943/raw_data/nanopore/guppy_6/08_17_21_R941_HG01943_1_Guppy_6.4.6_450bps_modbases_5mc_cg_sup_prom_pass.bam,27.02,R941,PromethION,08_17_21_R941_HG01943
HG02083,s3://human-pangenomics/working/HPRC/HG02083/raw_data/Illumina/child/HG02083.final.cram,36.95,Illumina NovaSeq 6000,VN069,HG02085,HG02084,child,1,KHV,trio,s3://human-pangenomics/working/HPRC/HG02083/raw_data/PacBio_HiFi/m64136_210319_191015.hifi_reads.bam,s3://human-pangenomics/working/HPRC/HG02083/raw_data/PacBio_HiFi/deepconsensus/v1pt2/HG02083.m64136_210319_191015.dc.q20.fastq.gz,11.3,12.21,HG02083_lib1,Sequel II,s3://human-pangenomics/working/HPRC/HG02083/raw_data/nanopore/guppy_6/12_08_21_R941_HG02083_3_Guppy_6.4.6_450bps_modbases_5mc_cg_sup_prom_pass.bam,26.77,R941,PromethION,12_08_21_R941_HG02083
HG03927,s3://human-pangenomics/working/HPRC/HG03927/raw_data/Illumina/child/HG03927.final.cram,35.32,Illumina NovaSeq 6000,BD37,HG03926,HG03925,child,2,BEB,trio,s3://human-pangenomics/working/HPRC/HG03927/raw_data/PacBio_HiFi/m84046_230628_213236_s2.hifi_reads.default.bam,,16.0,,HG03927.HFSS_m84046_230628_213236_s2,Revio,s3://human-pangenomics/working/HPRC/HG03927/raw_data/nanopore/guppy_6/08_10_21_R941_HG03927_3_Guppy_6.5.7_450bps_modbases_5mc_cg_sup_prom_pass.bam,26.76,R941,PromethION,08_10_21_R941_HG03927
HG00320,s3://human-pangenomics/working/HPRC/HG00320/raw_data/Illumina/child/HG00320.final.cram,42.72,Illumina NovaSeq 6000,HG00320,0,0,unrel,2,FIN,hic,s3://human-pangenomics/working/HPRC/HG00320/raw_data/PacBio_HiFi/m84081_230610_205536_s4.hifi_reads.bc2011.bam,,39.5,,HG00320_lib1_m84081_230610_205536_s4_m84081_230610_205536_s4,Revio,s3://human-pangenomics/working/HPRC/HG00320/raw_data/nanopore/dorado0.6.0_sup4.3.0_5mCG_5hmCG/12_12_23_R1041_HPRC_HG00320_2_dorado0.6.0_sup4.3.0_5mCG_5hmCG.bam,26.7,R1041,PromethION,12_12_23_R1041_HPRC_HG00320_2
NA20282,s3://human-pangenomics/working/HPRC/NA20282/raw_data/Illumina/child/NA20282.final.cram,34.21,Illumina NovaSeq 6000,2469,0,0,mother,2,ASW,hic,s3://human-pangenomics/working/HPRC/NA20282/raw_data/PacBio_HiFi/m84081_230516_191559_s1.hifi_reads.bc2004.bam,,35.8,,NA20282_lib1_m84081_230516_191559_s1_m84081_230516_191559_s1,Revio,s3://human-pangenomics/working/HPRC/NA20282/raw_data/nanopore/dorado0.6.0_sup4.3.0_5mCG_5hmCG/12_12_23_R1041_HPRC_NA20282_1_dorado0.6.0_sup4.3.0_5mCG_5hmCG.bam,26.62,R1041,PromethION,12_12_23_R1041_HPRC_NA20282_1
HG02583,s3://human-pangenomics/working/HPRC/HG02583/raw_data/Illumina/child/HG02583.final.cram,46.15,Illumina NovaSeq 6000,GB23,0,0,mother,2,GWD,hic,s3://human-pangenomics/working/HPRC/HG02583/raw_data/PacBio_HiFi/m84091_230714_140949_s3.hifi_reads.bc1016.bam,,33.4,,HG02583_PB1_m84091_230714_140949_s3,Revio,s3://human-pangenomics/working/HPRC/HG02583/raw_data/nanopore/dorado0.6.0_sup4.3.0_5mCG_5hmCG/01_16_24_R1041_HPRC_HG02583_3_dorado0.6.0_sup4.3.0_5mCG_5hmCG.bam,26.61,R1041,PromethION,01_16_24_R1041_HPRC_HG02583_3
NA18952,s3://human-pangenomics/working/HPRC/NA18952/raw_data/Illumina/child/NA18952.final.cram,37.69,Illumina NovaSeq 6000,NA18952,0,0,unrel,1,JPT,hic,s3://human-pangenomics/working/HPRC/NA18952/raw_data/PacBio_HiFi/m84081_230609_204508_s4.hifi_reads.bc2009.bam,,39.3,,NA18952_lib1_m84081_230609_204508_s4_m84081_230609_204508_s4,Revio,s3://human-pangenomics/working/HPRC/NA18952/raw_data/nanopore/dorado0.6.0_sup4.3.0_5mCG_5hmCG/11_28_23_R1041_HPRC_NA18952_1_dorado0.6.0_sup4.3.0_5mCG_5hmCG.bam,26.48,R1041,PromethION,11_28_23_R1041_HPRC_NA18952_1
HG02148,s3://human-pangenomics/working/HPRC/HG02148/raw_data/Illumina/child/HG02148.final.cram,38.37,Illumina NovaSeq 6000,PEL39,HG02146,HG02147,child,2,PEL,trio,s3://human-pangenomics/working/HPRC/HG02148/raw_data/PacBio_HiFi/m64136_200618_202033.ccs.bam,s3://human-pangenomics/submissions/3A25CF8A-1F36-42EE-BC9F-D29CECAA2A99--HPRC_DEEPCONSENSUS_v1pt2_2023_12_q20/HG02148/raw_data/PacBio_HiFi/deepconsensus/v1pt2/HG02148.m64136_200618_202033.dc.q20.fastq.gz,12.5,14.68,HG02148_lib1,Sequel II,s3://human-pangenomics/working/HPRC/HG02148/raw_data/nanopore/guppy_6/03_14_23_R941_HG02148_2_Guppy_6.5.7_450bps_modbases_5mc_cg_sup_prom_pass.bam,26.33,R941,PromethION,03_14_23_R941_HG02148_2_Guppy_6.5.7_450bps_modbases_5mc_cg_sup_prom_pass
HG02622,s3://human-pangenomics/working/HPRC/HG02622/raw_data/Illumina/child/HG02622.final.cram,39.24,Illumina NovaSeq 6000,GB31,HG02620,HG02621,child,2,GWD,trio,s3://human-pangenomics/working/HPRC/HG02622/raw_data/PacBio_HiFi/m64043_200530_164723.ccs.bam,s3://human-pangenomics/submissions/3A25CF8A-1F36-42EE-BC9F-D29CECAA2A99--HPRC_DEEPCONSENSUS_v1pt2_2023_12_q20/HG02622/raw_data/PacBio_HiFi/deepconsensus/v1pt2/HG02622.m64043_200530_164723.dc.q20.fastq.gz,12.0,14.4,HG02622_lib1,Sequel II,s3://human-pangenomics/working/HPRC/HG02622/raw_data/nanopore/guppy_6/03_14_23_R941_HG02622_2_Guppy_6.5.7_450bps_modbases_5mc_cg_sup_prom_pass.bam,26.24,R941,PromethION,03_14_23_R941_HG02622_2_Guppy_6.5.7_450bps_modbases_5mc_cg_sup_prom_pass
HG02155,s3://human-pangenomics/working/HPRC/HG02155/raw_data/Illumina/child/HG02155.final.cram,33.8,Illumina NovaSeq 6000,HG02155,0,0,unrel,2,CDX,hic,s3://human-pangenomics/working/HPRC/HG02155/raw_data/PacBio_HiFi/m84081_230628_201157_s4.hifi_reads.bc1012.bam,,14.2,,HG02155_lib1,Revio,s3://human-pangenomics/working/HPRC/HG02155/raw_data/nanopore/guppy_6/06_28_22_R941_HG02155_3_Guppy_6.5.7_450bps_modbases_5mc_cg_sup_prom_pass.bam,26.11,R941,PromethION,06_28_22_R941_HG02155
NA18747,s3://human-pangenomics/working/HPRC/NA18747/raw_data/Illumina/child/NA18747.final.cram,35.93,Illumina NovaSeq 6000,NA18747,0,0,unrel,1,CHB,hic,s3://human-pangenomics/working/HPRC/NA18747/raw_data/PacBio_HiFi/m84046_230531_214232_s2.hifi_reads.bc2011.bam,,17.1,,PG18747_1.HFSS_m84046_230531_214232_s2,Revio,s3://human-pangenomics/working/HPRC/NA18747/raw_data/nanopore/guppy_6/06_28_22_R941_GM18747_3_Guppy_6.5.7_450bps_modbases_5mc_cg_sup_prom_pass.bam,26.08,R941,PromethION,06_28_22_R941_GM18747
HG00290,s3://human-pangenomics/working/HPRC/HG00290/raw_data/Illumina/child/HG00290.final.cram,48.42,Illumina NovaSeq 6000,HG00290,0,0,unrel,1,FIN,hic,s3://human-pangenomics/working/HPRC/HG00290/raw_data/PacBio_HiFi/m84046_230627_204123_s2.hifi_reads.bc2052.bam,,19.1,,PG00290.HFSS_m84046_230627_204123_s2,Revio,s3://human-pangenomics/working/HPRC/HG00290/raw_data/nanopore/dorado0.6.0_sup4.3.0_5mCG_5hmCG/01_23_24_R1041_HPRC_HG00290_1_dorado0.6.0_sup4.3.0_5mCG_5hmCG.bam,26.02,R1041,PromethION,01_23_24_R1041_HPRC_HG00290_1
HG00140,s3://human-pangenomics/working/HPRC/HG00140/raw_data/Illumina/child/HG00140.final.cram,36.68,Illumina NovaSeq 6000,HG00140,0,0,unrel,1,GBR,hic,s3://human-pangenomics/working/HPRC/HG00140/raw_data/PacBio_HiFi/m84081_230628_201157_s4.hifi_reads.bc1018.bam,,10.2,,HG00140_lib1,Revio,s3://human-pangenomics/working/HPRC/HG00140/raw_data/nanopore/guppy_6/06_28_22_R941_HG00140_2_Guppy_6.5.7_450bps_modbases_5mc_cg_sup_prom_pass.bam,26.01,R941,PromethION,06_28_22_R941_HG00140
HG02300,s3://human-pangenomics/working/HPRC/HG02300/raw_data/Illumina/child/HG02300.final.cram,37.86,Illumina NovaSeq 6000,PEL52,HG02299,HG02298,child,1,PEL,trio,s3://human-pangenomics/working/HPRC/HG02300/raw_data/PacBio_HiFi/m84046_230519_231055_s2.hifi_reads.default.bam,,12.8,,HG02300.HFSS_m84046_230519_231055_s2,Revio,s3://human-pangenomics/working/HPRC/HG02300/raw_data/nanopore/guppy_6/08_17_21_R941_HG02300_2_Guppy_6.4.6_450bps_modbases_5mc_cg_sup_prom_pass.bam,25.98,R941,PromethION,08_17_21_R941_HG02300
NA20809,s3://human-pangenomics/working/HPRC/NA20809/raw_data/Illumina/child/NA20809.final.cram,36.31,Illumina NovaSeq 6000,NA20809,0,0,unrel,1,TSI,hic,s3://human-pangenomics/working/HPRC/NA20809/raw_data/PacBio_HiFi/m84081_230715_203436_s1.hifi_reads.bc2022.bam,,28.1,,NA20809_lib1_m84081_230715_203436_s1_m84081_230715_203436_s1,Revio,s3://human-pangenomics/working/HPRC/NA20809/raw_data/nanopore/dorado0.6.0_sup4.3.0_5mCG_5hmCG/08_08_23_R1041_HPRC_NA20809_2_dorado0.6.0_sup4.3.0_5mCG_5hmCG.bam,25.89,R1041,PromethION,08_08_23_R1041_HPRC_NA20809_2
HG01261,s3://human-pangenomics/working/HPRC/HG01261/raw_data/Illumina/child/HG01261.final.cram,37.13,Illumina NovaSeq 6000,CLM17,HG01259,HG01260,child,1,CLM,trio,s3://human-pangenomics/working/HPRC/HG01261/raw_data/PacBio_HiFi/m84081_230721_192906_s4.hifi_reads.bc2024.bam,,13.1,,HG01261_lib1,Revio,s3://human-pangenomics/working/HPRC/HG01261/raw_data/nanopore/guppy_6/07_27_21_R941_HG01261_2_Guppy_6.5.7_450bps_modbases_5mc_cg_sup_prom_pass.bam,25.85,R941,PromethION,07_27_21_R941_HG01261
HG00321,s3://human-pangenomics/working/HPRC/HG00321/raw_data/Illumina/child/HG00321.final.cram,60.18,Illumina NovaSeq 6000,HG00321,0,0,unrel,1,FIN,hic,s3://human-pangenomics/working/HPRC/HG00321/raw_data/PacBio_HiFi/m84081_230623_212309_s3.hifi_reads.bc2015.bam,,28.3,,HG00321_lib1_m84081_230623_212309_s3_m84081_230623_212309_s3,Revio,s3://human-pangenomics/working/HPRC/HG00321/raw_data/nanopore/dorado0.6.0_sup4.3.0_5mCG_5hmCG/01_16_24_R1041_HPRC_HG00321_2_dorado0.6.0_sup4.3.0_5mCG_5hmCG.bam,25.81,R1041,PromethION,01_16_24_R1041_HPRC_HG00321_2
HG01099,s3://human-pangenomics/working/HPRC/HG01099/raw_data/Illumina/child/HG01099.final.cram,39.71,Illumina NovaSeq 6000,PR31,HG01097,HG01098,child,1,PUR,trio,s3://human-pangenomics/working/HPRC/HG01099/raw_data/PacBio_HiFi/m64043_210705_162656.hifi_reads.bam,s3://human-pangenomics/working/HPRC/HG01099/raw_data/PacBio_HiFi/deepconsensus/v1pt2/HG01099.m64043_210705_162656.dc.q20.fastq.gz,12.3,13.79,HG01099_lib1,Sequel II,s3://human-pangenomics/working/HPRC/HG01099/raw_data/nanopore/guppy_6/08_10_21_R941_HG01099_2_Guppy_6.4.6_450bps_modbases_5mc_cg_sup_prom_pass.bam,25.55,R941,PromethION,08_10_21_R941_HG01099
HG02809,s3://human-pangenomics/working/HPRC/HG02809/raw_data/Illumina/child/HG02809.final.cram,37.42,Illumina NovaSeq 6000,GB63,HG02807,HG02808,child,2,GWD,trio,s3://human-pangenomics/working/HPRC/HG02809/raw_data/PacBio_HiFi/m84081_231117_204232_s3.hifi_reads.bc2089.bam,,10.9,,HG02809_lib1_m84081_231117_204232_s3,Revio,s3://human-pangenomics/working/HPRC/HG02809/raw_data/nanopore/guppy_6/08_17_21_R941_HG02809_3_Guppy_6.5.7_450bps_modbases_5mc_cg_sup_prom_pass.bam,25.53,R941,PromethION,08_17_21_R941_HG02809
HG02273,s3://human-pangenomics/working/HPRC/HG02273/raw_data/Illumina/child/HG02273.final.cram,35.55,Illumina NovaSeq 6000,PEL46,HG02271,HG02272,child,2,PEL,hic,s3://human-pangenomics/working/HPRC/HG02273/raw_data/PacBio_HiFi/m84081_230630_193909_s2.hifi_reads.bc1002.bam,,6.7,,HG02273_lib1,Revio,s3://human-pangenomics/working/HPRC/HG02273/raw_data/nanopore/guppy_6/04_12_22_R941_HG02273_2_Guppy_6.5.7_450bps_modbases_5mc_cg_sup_prom_pass.bam,25.46,R941,PromethION,04_12_22_R941_HG02273
HG03669,s3://human-pangenomics/working/HPRC/HG03669/raw_data/Illumina/child/HG03669.final.cram,37.7,Illumina NovaSeq 6000,PK58,HG03667,HG03668,child,2,PJL,trio,s3://human-pangenomics/working/HPRC/HG03669/raw_data/PacBio_HiFi/m84081_231124_014115_s1.hifi_reads.default.bam,,11.0,,HG03669_lib1_m84081_231124_014115_s1,Revio,s3://human-pangenomics/working/HPRC/HG03669/raw_data/nanopore/guppy_6/07_27_21_R941_HG03669_3_Guppy_6.5.7_450bps_modbases_5mc_cg_sup_prom_pass.bam,25.24,R941,PromethION,07_27_21_R941_HG03669
HG03704,s3://human-pangenomics/working/HPRC/HG03704/raw_data/Illumina/child/HG03704.final.cram,36.58,Illumina NovaSeq 6000,PK60,HG03702,HG03703,child,2,PJL,trio,s3://human-pangenomics/working/HPRC/HG03704/raw_data/PacBio_HiFi/m84046_230720_185410_s2.hifi_reads.bc2002.bam,,14.6,,HG03704.HFSS5_m84046_230720_185410_s2,Revio,s3://human-pangenomics/working/HPRC/HG03704/raw_data/nanopore/guppy_6/08_17_21_R941_HG03704_1_Guppy_6.5.7_450bps_modbases_5mc_cg_sup_prom_pass.bam,25.08,R941,PromethION,08_17_21_R941_HG03704
HG00253,s3://human-pangenomics/working/HPRC/HG00253/raw_data/Illumina/child/HG00253.final.cram,39.75,Illumina NovaSeq 6000,HG00253,0,0,unrel,2,GBR,hic,s3://human-pangenomics/working/HPRC/HG00253/raw_data/PacBio_HiFi/m84091_230721_134835_s1.hifi_reads.bc1003.bam,,36.0,,HG00253_PB1_m84091_230721_134835_s1,Revio,s3://human-pangenomics/working/HPRC/HG00253/raw_data/nanopore/dorado0.6.0_sup4.3.0_5mCG_5hmCG/01_16_24_R1041_HPRC_HG00253_3_dorado0.6.0_sup4.3.0_5mCG_5hmCG.bam,24.8,R1041,PromethION,01_16_24_R1041_HPRC_HG00253_3
HG04160,s3://human-pangenomics/working/HPRC/HG04160/raw_data/Illumina/child/HG04160.final.cram,35.59,Illumina NovaSeq 6000,BD53,HG04158,HG04159,child,1,BEB,trio,s3://human-pangenomics/working/HPRC/HG04160/raw_data/PacBio_HiFi/m84091_230802_180324_s3.hifi_reads.bc1003.bam,,27.1,,HG04160_PB3_m84091_230802_180324_s3.hifi_reads.bc1003.bam,Revio,s3://human-pangenomics/working/HPRC/HG04160/raw_data/nanopore/guppy_6/08_03_21_R941_HG04160_3_Guppy_6.5.7_450bps_modbases_5mc_cg_sup_prom_pass.bam,24.78,R941,PromethION,08_03_21_R941_HG04160
NA18983,s3://human-pangenomics/working/HPRC/NA18983/raw_data/Illumina/child/NA18983.final.cram,33.12,Illumina NovaSeq 6000,NA18983,0,0,unrel,1,JPT,hic,s3://human-pangenomics/working/HPRC/NA18983/raw_data/PacBio_HiFi/m84046_230623_210640_s1.hifi_reads.bc2055.bam,,17.5,,PG18983.HFSS2_m84046_230623_210640_s1,Revio,s3://human-pangenomics/working/HPRC/NA18983/raw_data/nanopore/guppy_6/06_28_22_R941_GM18983_3_Guppy_6.5.7_450bps_modbases_5mc_cg_sup_prom_pass.bam,24.77,R941,PromethION,06_28_22_R941_GM18983
HG01952,s3://human-pangenomics/working/HPRC/HG01952/raw_data/Illumina/child/HG01952.final.cram,36.69,Illumina NovaSeq 6000,PEL019,HG01950,HG01951,child,1,PEL,trio,s3://human-pangenomics/working/HPRC/HG01952/raw_data/PacBio_HiFi/m64136_200614_192134.ccs.bam,s3://human-pangenomics/submissions/3A25CF8A-1F36-42EE-BC9F-D29CECAA2A99--HPRC_DEEPCONSENSUS_v1pt2_2023_12_q20/HG01952/raw_data/PacBio_HiFi/deepconsensus/v1pt2/HG01952.m64136_200614_192134.dc.q20.fastq.gz,10.5,12.62,HG01952_lib1,Sequel II,s3://human-pangenomics/working/HPRC/HG01952/raw_data/nanopore/guppy_6/03_14_23_R941_HG01952_1_Guppy_6.5.7_450bps_modbases_5mc_cg_sup_prom_pass.bam,24.65,R941,PromethION,03_14_23_R941_HG01952_1_Guppy_6.5.7_450bps_modbases_5mc_cg_sup_prom_pass
HG03270,s3://human-pangenomics/working/HPRC/HG03270/raw_data/Illumina/child/HG03270.final.cram,61.15,Illumina NovaSeq 6000,NG65,0,0,mother,2,ESN,hic,s3://human-pangenomics/working/HPRC/HG03270/raw_data/PacBio_HiFi/m84091_230707_175906_s3.hifi_reads.bc1015.bam,,36.2,,HG03270_PB1_m84091_230707_175906_s3,Revio,s3://human-pangenomics/working/HPRC/HG03270/raw_data/nanopore/dorado0.6.0_sup4.3.0_5mCG_5hmCG/10_24_23_R1041_HPRC_HG03270_3_dorado0.6.0_sup4.3.0_5mCG_5hmCG.bam,24.63,R1041,PromethION,10_24_23_R1041_HPRC_HG03270_3
HG00126,s3://human-pangenomics/working/HPRC/HG00126/raw_data/Illumina/child/HG00126.final.cram,45.04,Illumina NovaSeq 6000,HG00126,0,0,unrel,1,GBR,hic,s3://human-pangenomics/working/HPRC/HG00126/raw_data/PacBio_HiFi/m84046_230621_234848_s2.hifi_reads.bc2043.bam,,19.2,,PG00126.HFSS_m84046_230621_234848_s2,Revio,s3://human-pangenomics/working/HPRC/HG00126/raw_data/nanopore/dorado0.6.0_sup4.3.0_5mCG_5hmCG/08_29_23_R1041_HPRC_HG00126_1_dorado0.6.0_sup4.3.0_5mCG_5hmCG.bam,24.61,R1041,PromethION,08_29_23_R1041_HPRC_HG00126_1
HG02965,s3://human-pangenomics/working/HPRC/HG02965/raw_data/Illumina/child/HG02965.final.cram,37.22,Illumina NovaSeq 6000,NG20,0,0,father,1,ESN,hic,s3://human-pangenomics/working/HPRC/HG02965/raw_data/PacBio_HiFi/m84081_230628_190945_s2.hifi_reads.bc1017.bam,,11.2,,HG02965_lib1,Revio,s3://human-pangenomics/working/HPRC/HG02965/raw_data/nanopore/guppy_6/04_12_22_R941_HG02965_2_Guppy_6.5.7_450bps_modbases_5mc_cg_sup_prom_pass.bam,24.55,R941,PromethION,04_12_22_R941_HG02965
HG01981,s3://human-pangenomics/working/HPRC/HG01981/raw_data/Illumina/child/HG01981.final.cram,36.75,Illumina NovaSeq 6000,PEL27,HG01979,HG01980,child,2,PEL,trio,s3://human-pangenomics/working/HPRC/HG01981/raw_data/PacBio_HiFi/m64136_210627_054246.hifi_reads.bam,s3://human-pangenomics/working/HPRC/HG01981/raw_data/PacBio_HiFi/deepconsensus/v1pt2/HG01981.m64136_210627_054246.dc.q20.fastq.gz,12.4,14.18,HG01981_lib1,Sequel II,s3://human-pangenomics/working/HPRC/HG01981/raw_data/nanopore/guppy_6/08_25_21_R941_HG01981_2_Guppy_6.4.6_450bps_modbases_5mc_cg_sup_prom_pass.bam,24.49,R941,PromethION,08_25_21_R941_HG01981
HG03874,s3://human-pangenomics/working/HPRC/HG03874/raw_data/Illumina/child/HG03874.final.cram,38.11,Illumina NovaSeq 6000,IT006,0,0,mother,2,ITU,hic,s3://human-pangenomics/working/HPRC/HG03874/raw_data/PacBio_HiFi/m84091_230719_155016_s1.hifi_reads.bc1012.bam,,32.6,,HG03874_PB1_m84091_230719_155016_s1,Revio,s3://human-pangenomics/working/HPRC/HG03874/raw_data/nanopore/dorado0.6.0_sup4.3.0_5mCG_5hmCG/01_23_24_R1041_HPRC_HG03874_1_dorado0.6.0_sup4.3.0_5mCG_5hmCG.bam,24.35,R1041,PromethION,01_23_24_R1041_HPRC_HG03874_1
NA18976,s3://human-pangenomics/working/HPRC/NA18976/raw_data/Illumina/child/NA18976.final.cram,35.19,Illumina NovaSeq 6000,NA18976,0,0,unrel,2,JPT,hic,s3://human-pangenomics/working/HPRC/NA18976/raw_data/PacBio_HiFi/m84081_230610_195324_s2.hifi_reads.bc2010.bam,,37.4,,NA18976_lib1_m84081_230610_195324_s2_m84081_230610_195324_s2,Revio,s3://human-pangenomics/working/HPRC/NA18976/raw_data/nanopore/dorado0.6.0_sup4.3.0_5mCG_5hmCG/12_12_23_R1041_HPRC_NA18976_3_dorado0.6.0_sup4.3.0_5mCG_5hmCG.bam,23.93,R1041,PromethION,12_12_23_R1041_HPRC_NA18976_3
HG00544,s3://human-pangenomics/working/HPRC/HG00544/raw_data/Illumina/child/HG00544.final.cram,35.58,Illumina NovaSeq 6000,SH042,HG00542,HG00543,child,2,CHS,trio,s3://human-pangenomics/working/HPRC/HG00544/raw_data/PacBio_HiFi/m64043_210702_183246.hifi_reads.bam,s3://human-pangenomics/working/HPRC/HG00544/raw_data/PacBio_HiFi/deepconsensus/v1pt2/HG00544.m64043_210702_183246.dc.q20.fastq.gz,12.2,13.74,HG00544_lib2,Sequel II,s3://human-pangenomics/working/HPRC/HG00544/raw_data/nanopore/guppy_6/07_13_21_R941_HG00544_1_Guppy_6.4.6_450bps_modbases_5mc_cg_sup_prom_pass.bam,23.9,R941,PromethION,07_13_21_R941_HG00544
HG03225,s3://human-pangenomics/working/HPRC/HG03225/raw_data/Illumina/child/HG03225.final.cram,36.02,Illumina NovaSeq 6000,SL23,0,0,father,1,MSL,hic,s3://human-pangenomics/working/HPRC/HG03225/raw_data/PacBio_HiFi/m84081_230630_204121_s4.hifi_reads.bc1008.bam,,9.9,,HG03225_lib1,Revio,s3://human-pangenomics/working/HPRC/HG03225/raw_data/nanopore/guppy_6/04_12_22_R941_HG03225_2_Guppy_6.5.7_450bps_modbases_5mc_cg_sup_prom_pass.bam,23.85,R941,PromethION,04_12_22_R941_HG03225
HG01361,s3://human-pangenomics/working/HPRC/HG01361/raw_data/Illumina/child/HG01361.final.cram,38.14,Illumina NovaSeq 6000,CLM32,HG01359,HG01360,child,2,CLM,trio,s3://human-pangenomics/working/HPRC/HG01361/raw_data/PacBio_HiFi/m84046_231202_071034_s1.hifi_reads.bc2052.bam,,24.4,,HG01361.HFSS3_m84046_231202_071034_s1,Revio,s3://human-pangenomics/working/HPRC/HG01361/raw_data/nanopore/guppy_6/HG01361_PAK21070_Guppy_6.5.7_450bps_modbases_5mc_cg_sup_prom_pass.bam,23.83,R941,PromethION,HG01361_PAK21070_Guppy_6.5.7_450bps_modbases_5mc_cg_sup_prom_pass
HG00235,s3://human-pangenomics/working/HPRC/HG00235/raw_data/Illumina/child/HG00235.final.cram,41.08,Illumina NovaSeq 6000,HG00235,0,0,unrel,2,GBR,hic,s3://human-pangenomics/working/HPRC/HG00235/raw_data/PacBio_HiFi/m84091_230724_170222_s4.hifi_reads.bc1008.bam,,32.4,,HG00235_PB1_m84091_230724_170222_s4,Revio,s3://human-pangenomics/working/HPRC/HG00235/raw_data/nanopore/dorado0.6.0_sup4.3.0_5mCG_5hmCG/01_16_24_R1041_HPRC_HG00235_2_dorado0.6.0_sup4.3.0_5mCG_5hmCG.bam,23.78,R1041,PromethION,01_16_24_R1041_HPRC_HG00235_2
HG03239,s3://human-pangenomics/working/HPRC/HG03239/raw_data/Illumina/child/HG03239.final.cram,34.35,Illumina NovaSeq 6000,PK41,HG03237,HG03238,child,2,PJL,trio,s3://human-pangenomics/working/HPRC/HG03239/raw_data/PacBio_HiFi/m84046_230628_210130_s1.bc2063--bc2063.bam,,13.8,,HG03239.HFSS2_m84046_230628_210130_s1,Revio,s3://human-pangenomics/working/HPRC/HG03239/raw_data/nanopore/guppy_6/02_15_22_R941_HG03239_2_Guppy_6.5.7_450bps_modbases_5mc_cg_sup_prom_pass.bam,23.69,R941,PromethION,02_15_22_R941_HG03239
HG00272,s3://human-pangenomics/working/HPRC/HG00272/raw_data/Illumina/child/HG00272.final.cram,49.34,Illumina NovaSeq 6000,HG00272,0,0,unrel,2,FIN,hic,s3://human-pangenomics/working/HPRC/HG00272/raw_data/PacBio_HiFi/m84046_230719_001055_s4.hifi_reads.bc2087.bam,,21.5,,PG00272.HFSS_m84046_230719_001055_s4,Revio,s3://human-pangenomics/working/HPRC/HG00272/raw_data/nanopore/dorado0.6.0_sup4.3.0_5mCG_5hmCG/08_08_23_R1041_HPRC_HG00272_1_dorado0.6.0_sup4.3.0_5mCG_5hmCG.bam,23.68,R1041,PromethION,08_08_23_R1041_HPRC_HG00272_1
HG01167,s3://human-pangenomics/working/HPRC/HG01167/raw_data/Illumina/child/HG01167.final.cram,50.27,Illumina NovaSeq 6000,PR39,0,0,father,1,PUR,hic,s3://human-pangenomics/working/HPRC/HG01167/raw_data/PacBio_HiFi/m84091_230725_164143_s3.hifi_reads.bc1012.bam,,34.0,,HG01167_PB1_m84091_230725_164143_s3,Revio,s3://human-pangenomics/working/HPRC/HG01167/raw_data/nanopore/dorado0.6.0_sup4.3.0_5mCG_5hmCG/08_29_23_R1041_HPRC_HG01167_3_dorado0.6.0_sup4.3.0_5mCG_5hmCG.bam,23.42,R1041,PromethION,08_29_23_R1041_HPRC_HG01167_3
HG03130,s3://human-pangenomics/working/HPRC/HG03130/raw_data/Illumina/child/HG03130.final.cram,48.01,Illumina NovaSeq 6000,NG36,0,0,father,1,ESN,hic,s3://human-pangenomics/working/HPRC/HG03130/raw_data/PacBio_HiFi/m84046_230602_213334_s2.hifi_reads.bc2018.bam,,19.1,,HG03130.HFSS_m84046_230602_213334_s2,Revio,s3://human-pangenomics/working/HPRC/HG03130/raw_data/nanopore/guppy_6/05_17_22_R941_HG03130_3_Guppy_6.5.7_450bps_modbases_5mc_cg_sup_prom_pass.bam,23.12,R941,PromethION,05_17_22_R941_HG03130
HG03654,s3://human-pangenomics/working/HPRC/HG03654/raw_data/Illumina/child/HG03654.final.cram,36.16,Illumina NovaSeq 6000,PK53,HG03652,HG03653,child,1,PJL,trio,s3://human-pangenomics/working/HPRC/HG03654/raw_data/PacBio_HiFi/m84081_231112_023836_s2.hifi_reads.default.bam,,24.8,,HG03654_lib1_m84081_231112_023836_s2,Revio,s3://human-pangenomics/working/HPRC/HG03654/raw_data/nanopore/guppy_6/07_27_21_R941_HG03654_3_Guppy_6.5.7_450bps_modbases_5mc_cg_sup_prom_pass.bam,22.91,R941,PromethION,07_27_21_R941_HG03654
HG02165,s3://human-pangenomics/working/HPRC/HG02165/raw_data/Illumina/child/HG02165.final.cram,36.41,Illumina NovaSeq 6000,HG02165,0,0,unrel,2,CDX,hic,s3://human-pangenomics/working/HPRC/HG02165/raw_data/PacBio_HiFi/m64076_220902_143723-bc2054.5mc.hifi_reads.bam,s3://human-pangenomics/submissions/42AFCE59-2972-45EE-BB72-5B84E7B57377--HPRC_DEEPCONSENSUS_v1pt2_2023_08_q20/HG02165/raw_data/PacBio_HiFi/deepconsensus/v1pt2/HG02165.m64076_220902_143723.dc.q20.fastq.gz,15.6,17.75,PG02165.HFSS2,Sequel II,s3://human-pangenomics/working/HPRC/HG02165/raw_data/nanopore/guppy_6/06_28_22_R941_HG02165_3_Guppy_6.5.7_450bps_modbases_5mc_cg_sup_prom_pass.bam,22.79,R941,PromethION,06_28_22_R941_HG02165
HG00741,s3://human-pangenomics/working/HPRC/HG00741/raw_data/Illumina/child/HG00741.final.cram,37.4,Illumina NovaSeq 6000,PR09,HG00739,HG00740,child,2,PUR,trio,s3://human-pangenomics/working/HPRC/HG00741/raw_data/PacBio_HiFi/m64136_200625_174949.ccs.bam,s3://human-pangenomics/submissions/3A25CF8A-1F36-42EE-BC9F-D29CECAA2A99--HPRC_DEEPCONSENSUS_v1pt2_2023_12_q20/HG00741/raw_data/PacBio_HiFi/deepconsensus/v1pt2/HG00741.m64136_200625_174949.dc.q20.fastq.gz,10.1,12.21,HG00741_lib1,Sequel II,s3://human-pangenomics/working/HPRC/HG00741/raw_data/nanopore/guppy_6/1_11_23_R941_HG00741_2_Guppy_6.5.7_450bps_modbases_5mc_cg_sup_prom_pass.bam,22.77,R941,PromethION,1_11_23_R941_HG00741_2_Guppy_6.5.7_450bps_modbases_5mc_cg_sup_prom_pass
NA20850,s3://human-pangenomics/working/HPRC/NA20850/raw_data/Illumina/child/NA20850.final.cram,50.96,Illumina NovaSeq 6000,NA20850,0,0,unrel,1,GIH,hic,s3://human-pangenomics/working/HPRC/NA20850/raw_data/PacBio_HiFi/m84046_230721_175304_s3.hifi_reads.bc2092.bam,,21.4,,PG20850.HFSS_m84046_230721_175304_s3,Revio,s3://human-pangenomics/working/HPRC/NA20850/raw_data/nanopore/dorado0.6.0_sup4.3.0_5mCG_5hmCG/08_08_23_R1041_HPRC_NA20850_3_dorado0.6.0_sup4.3.0_5mCG_5hmCG.bam,22.3,R1041,PromethION,08_08_23_R1041_HPRC_NA20850_3
HG00280,s3://human-pangenomics/working/HPRC/HG00280/raw_data/Illumina/child/HG00280.final.cram,39.93,Illumina NovaSeq 6000,HG00280,0,0,unrel,1,FIN,hic,s3://human-pangenomics/working/HPRC/HG00280/raw_data/PacBio_HiFi/m84046_230628_213236_s2.hifi_reads.bc2051.bam,,17.9,,PG00280.HFSS_m84046_230628_213236_s2,Revio,s3://human-pangenomics/working/HPRC/HG00280/raw_data/nanopore/guppy_6/09_14_22_R941_HG00280_1_Guppy_6.5.7_450bps_modbases_5mc_cg_sup_prom_pass.bam,22.12,R941,PromethION,09_14_22_R941_HG00280
HG00133,s3://human-pangenomics/working/HPRC/HG00133/raw_data/Illumina/child/HG00133.final.cram,54.96,Illumina NovaSeq 6000,HG00133,0,0,unrel,2,GBR,hic,s3://human-pangenomics/working/HPRC/HG00133/raw_data/PacBio_HiFi/m84046_230621_234848_s2.hifi_reads.bc2045.bam,,15.6,,PG00133.HFSS_m84046_230621_234848_s2,Revio,s3://human-pangenomics/working/HPRC/HG00133/raw_data/nanopore/dorado0.6.0_sup4.3.0_5mCG_5hmCG/08_29_23_R1041_HPRC_HG00133_1_dorado0.6.0_sup4.3.0_5mCG_5hmCG.bam,22.09,R1041,PromethION,08_29_23_R1041_HPRC_HG00133_1
HG00323,s3://human-pangenomics/working/HPRC/HG00323/raw_data/Illumina/child/HG00323.final.cram,33.27,Illumina NovaSeq 6000,HG00323,0,0,unrel,2,FIN,hic,s3://human-pangenomics/working/HPRC/HG00323/raw_data/PacBio_HiFi/m84081_230624_213331_s3.hifi_reads.bc1016.bam,,4.7,,HG00323_lib1,Revio,s3://human-pangenomics/working/HPRC/HG00323/raw_data/nanopore/guppy_6/06_28_22_R941_HG00323_2_Guppy_6.5.7_450bps_modbases_5mc_cg_sup_prom_pass.bam,22.04,R941,PromethION,06_28_22_R941_HG00323
HG00128,s3://human-pangenomics/working/HPRC/HG00128/raw_data/Illumina/child/HG00128.final.cram,47.57,Illumina NovaSeq 6000,HG00128,0,0,unrel,2,GBR,hic,s3://human-pangenomics/working/HPRC/HG00128/raw_data/PacBio_HiFi/m84046_230630_233157_s3.bc2069--bc2069.bam,,26.5,,PG00128.HFSS2_m84046_230630_233157_s3,Revio,s3://human-pangenomics/working/HPRC/HG00128/raw_data/nanopore/dorado0.6.0_sup4.3.0_5mCG_5hmCG/11_7_23_R1041_HPRC_HG00128_3_dorado0.6.0_sup4.3.0_5mCG_5hmCG.bam,22.03,R1041,PromethION,11_7_23_R1041_HPRC_HG00128_3
HG03041,s3://human-pangenomics/working/HPRC/HG03041/raw_data/Illumina/child/HG03041.final.cram,36.22,Illumina NovaSeq 6000,GB110,HG03039,HG03040,child,2,GWD,trio,s3://human-pangenomics/working/HPRC/HG03041/raw_data/PacBio_HiFi/m84046_230523_001708_s3.hifi_reads.bc1009.bam,,12.5,,HG03041.HFSS_m84046_230523_001708_s3,Revio,s3://human-pangenomics/working/HPRC/HG03041/raw_data/nanopore/guppy_6/02_15_22_R941_HG03041_2_Guppy_6.5.7_450bps_modbases_5mc_cg_sup_prom_pass.bam,21.83,R941,PromethION,02_15_22_R941_HG03041
HG02976,s3://human-pangenomics/working/HPRC/HG02976/raw_data/Illumina/child/HG02976.final.cram,36.84,Illumina NovaSeq 6000,NG24,0,0,mother,2,ESN,hic,s3://human-pangenomics/working/HPRC/HG02976/raw_data/PacBio_HiFi/m84081_230630_193909_s2.hifi_reads.bc1009.bam,,11.9,,HG02976_lib1,Revio,s3://human-pangenomics/working/HPRC/HG02976/raw_data/nanopore/guppy_6/04_12_22_R941_HG02976_2_Guppy_6.5.7_450bps_modbases_5mc_cg_sup_prom_pass.bam,21.79,R941,PromethION,04_12_22_R941_HG02976
NA18565,s3://human-pangenomics/working/HPRC/NA18565/raw_data/Illumina/child/NA18565.final.cram,56.83,Illumina NovaSeq 6000,NA18565,0,0,unrel,2,CHB,hic,s3://human-pangenomics/working/HPRC/NA18565/raw_data/PacBio_HiFi/m84081_230714_205519_s2.hifi_reads.bc2020.bam,,28.8,,NA18565_lib1_m84081_230714_205519_s2_m84081_230714_205519_s2,Revio,s3://human-pangenomics/working/HPRC/NA18565/raw_data/nanopore/dorado0.6.0_sup4.3.0_5mCG_5hmCG/10_10_23_R1041_HPRC_NA18565_5_dorado0.6.0_sup4.3.0_5mCG_5hmCG.bam,21.76,R1041,PromethION,10_10_23_R1041_HPRC_NA18565_5
HG02027,s3://human-pangenomics/working/HPRC/HG02027/raw_data/Illumina/child/HG02027.final.cram,37.43,Illumina NovaSeq 6000,VN050,HG02029,HG02028,child,1,KHV,trio,s3://human-pangenomics/working/HPRC/HG02027/raw_data/PacBio_HiFi/m64136_210205_190622.hifi_reads.bam,s3://human-pangenomics/working/HPRC/HG02027/raw_data/PacBio_HiFi/deepconsensus/v1pt2/HG02027.m64136_210205_190622.dc.q20.fastq.gz,11.1,13.01,HG02027_lib1,Sequel II,s3://human-pangenomics/working/HPRC/HG02027/raw_data/nanopore/guppy_6/12_08_21_R941_HG02027_2_Guppy_6.4.6_450bps_modbases_5mc_cg_sup_prom_pass.bam,21.7,R941,PromethION,12_08_21_R941_HG02027
NA21144,s3://human-pangenomics/working/HPRC/NA21144/raw_data/Illumina/child/NA21144.final.cram,32.26,Illumina NovaSeq 6000,NA21144,0,0,unrel,2,GIH,hic,s3://human-pangenomics/working/HPRC/NA21144/raw_data/PacBio_HiFi/m84081_230629_192021_s2.hifi_reads.bc2018.bam,,41.3,,NA21144_lib1_m84081_230629_192021_s2_m84081_230629_192021_s2,Revio,s3://human-pangenomics/working/HPRC/NA21144/raw_data/nanopore/dorado0.6.0_sup4.3.0_5mCG_5hmCG/01_23_24_R1041_HPRC_NA21144_1_dorado0.6.0_sup4.3.0_5mCG_5hmCG.bam,21.7,R1041,PromethION,01_23_24_R1041_HPRC_NA21144_1
HG02258,s3://human-pangenomics/working/HPRC/HG02258/raw_data/Illumina/child/HG02258.final.cram,36.73,Illumina NovaSeq 6000,BB22,HG02314,HG02315,child,1,ACB,trio,s3://human-pangenomics/working/HPRC/HG02258/raw_data/PacBio_HiFi/m84081_230721_192906_s4.hifi_reads.bc1011.bam,,10.0,,HG02258_lib1,Revio,s3://human-pangenomics/working/HPRC/HG02258/raw_data/nanopore/guppy_6/02_08_22_R941_HG02258_1_Guppy_6.5.7_450bps_modbases_5mc_cg_sup_prom_pass.bam,21.45,R941,PromethION,02_08_22_R941_HG02258
NA19443,s3://human-pangenomics/working/HPRC/NA19443/raw_data/Illumina/child/NA19443.final.cram,36.16,Illumina NovaSeq 6000,NA19443,0,0,unrel,1,LWK,hic,s3://human-pangenomics/working/HPRC/NA19443/raw_data/PacBio_HiFi/m84046_230623_203534_s4.hifi_reads.bc2053.bam,,18.3,,PG19443.HFSS_m84046_230623_203534_s4,Revio,s3://human-pangenomics/working/HPRC/NA19443/raw_data/nanopore/dorado0.6.0_sup4.3.0_5mCG_5hmCG/01_23_24_R1041_HPRC_NA19443_2_dorado0.6.0_sup4.3.0_5mCG_5hmCG.bam,21.44,R1041,PromethION,01_23_24_R1041_HPRC_NA19443_2
NA19043,s3://human-pangenomics/working/HPRC/NA19043/raw_data/Illumina/child/NA19043.final.cram,42.56,Illumina NovaSeq 6000,NA19043,0,0,unrel,1,LWK,hic,s3://human-pangenomics/working/HPRC/NA19043/raw_data/PacBio_HiFi/m54329U_220920_065703-bc2061.5mc.hifi_reads.bam,s3://human-pangenomics/submissions/42AFCE59-2972-45EE-BB72-5B84E7B57377--HPRC_DEEPCONSENSUS_v1pt2_2023_08_q20/NA19043/raw_data/PacBio_HiFi/deepconsensus/v1pt2/NA19043.m54329U_220920_065703.dc.q20.fastq.gz,14.2,16.29,PG19043.HFSS,Sequel II,s3://human-pangenomics/working/HPRC/NA19043/raw_data/nanopore/guppy_6/09_27_2022_R941_GM19043_2_Guppy_6.5.7_450bps_modbases_5mc_cg_sup_prom_pass.bam,21.36,R941,PromethION,09_27_2022_R941_GM19043
HG01106,s3://human-pangenomics/working/HPRC/HG01106/raw_data/Illumina/child/HG01106.final.cram,36.86,Illumina NovaSeq 6000,PR25,HG01104,HG01105,child,1,PUR,trio,s3://human-pangenomics/working/HPRC/HG01106/raw_data/PacBio_HiFi/m64043_200625_174853.ccs.bam,s3://human-pangenomics/submissions/3A25CF8A-1F36-42EE-BC9F-D29CECAA2A99--HPRC_DEEPCONSENSUS_v1pt2_2023_12_q20/HG01106/raw_data/PacBio_HiFi/deepconsensus/v1pt2/HG01106.m64043_200625_174853.dc.q20.fastq.gz,12.3,14.76,HG01106_lib1,Sequel II,s3://human-pangenomics/working/HPRC/HG01106/raw_data/nanopore/guppy_6/1_11_23_R941_HG01106_1_Guppy_6.5.7_450bps_modbases_5mc_cg_sup_prom_pass.bam,21.29,R941,PromethION,1_11_23_R941_HG01106_1_Guppy_6.5.7_450bps_modbases_5mc_cg_sup_prom_pass
NA19036,s3://human-pangenomics/working/HPRC/NA19036/raw_data/Illumina/child/NA19036.final.cram,53.82,Illumina NovaSeq 6000,NA19036,0,0,unrel,2,LWK,hic,s3://human-pangenomics/working/HPRC/NA19036/raw_data/PacBio_HiFi/m84091_230724_152950_s1.hifi_reads.bc1022.bam,,32.3,,NA19036_PB1_m84091_230724_152950_s1,Revio,s3://human-pangenomics/working/HPRC/NA19036/raw_data/nanopore/dorado0.6.0_sup4.3.0_5mCG_5hmCG/12_05_23_R1041_HPRC_NA19036_1_dorado0.6.0_sup4.3.0_5mCG_5hmCG.bam,21.29,R1041,PromethION,12_05_23_R1041_HPRC_NA19036_1
NA20905,s3://human-pangenomics/working/HPRC/NA20905/raw_data/Illumina/child/NA20905.final.cram,52.06,Illumina NovaSeq 6000,NA20905,0,0,unrel,1,GIH,hic,s3://human-pangenomics/working/HPRC/NA20905/raw_data/PacBio_HiFi/m64076_220914_214248-bc2060.5mc.hifi_reads.bam,s3://human-pangenomics/submissions/42AFCE59-2972-45EE-BB72-5B84E7B57377--HPRC_DEEPCONSENSUS_v1pt2_2023_08_q20/NA20905/raw_data/PacBio_HiFi/deepconsensus/v1pt2/NA20905.m64076_220914_214248.dc.q20.fastq.gz,14.2,16.47,PG20905.HFSS,Sequel II,s3://human-pangenomics/working/HPRC/NA20905/raw_data/nanopore/guppy_6/09_27_2022_R941_GM20905_1_Guppy_6.5.7_450bps_modbases_5mc_cg_sup_prom_pass.bam,21.22,R941,PromethION,09_27_2022_R941_GM20905
HG00097,s3://human-pangenomics/working/HPRC/HG00097/raw_data/Illumina/child/HG00097.final.cram,36.84,Illumina NovaSeq 6000,HG00097,0,0,unrel,2,GBR,hic,s3://human-pangenomics/working/HPRC/HG00097/raw_data/PacBio_HiFi/m84046_230718_223822_s1.hifi_reads.bc2086.bam,,26.4,,PG00097.HFSS_m84046_230718_223822_s1,Revio,s3://human-pangenomics/working/HPRC/HG00097/raw_data/nanopore/dorado0.6.0_sup4.3.0_5mCG_5hmCG/10_31_23_R1041_HPRC_HG00097_1_dorado0.6.0_sup4.3.0_5mCG_5hmCG.bam,21.08,R1041,PromethION,10_31_23_R1041_HPRC_HG00097_1
HG02668,s3://human-pangenomics/working/HPRC/HG02668/raw_data/Illumina/child/HG02668.final.cram,34.38,Illumina NovaSeq 6000,GB40,HG02666,HG02667,child,1,GWD,trio,s3://human-pangenomics/working/HPRC/HG02668/raw_data/PacBio_HiFi/m84091_230804_170925_s2.hifi_reads.bc1010.bam,,31.3,,HG02668_PB3_m84091_230804_170925_s2.hifi_reads.bc1010.bam,Revio,s3://human-pangenomics/working/HPRC/HG02668/raw_data/nanopore/guppy_6/07_20_21_R941_HG02668_2_Guppy_6.5.7_450bps_modbases_5mc_cg_sup_prom_pass.bam,21.05,R941,PromethION,07_20_21_R941_HG02668
HG00423,s3://human-pangenomics/working/HPRC/HG00423/raw_data/Illumina/child/HG00423.final.cram,36.57,Illumina NovaSeq 6000,SH007,HG00421,HG00422,child,2,CHS,trio,s3://human-pangenomics/working/HPRC/HG00423/raw_data/PacBio_HiFi/m64043_210209_184051.hifi_reads.bam,s3://human-pangenomics/working/HPRC/HG00423/raw_data/PacBio_HiFi/deepconsensus/v1pt2/HG00423.m64043_210209_184051.dc.q20.fastq.gz,12.4,14.11,HG00423_lib1,Sequel II,s3://human-pangenomics/working/HPRC/HG00423/raw_data/nanopore/guppy_6/12_08_21_R941_HG00423_1_Guppy_6.4.6_450bps_modbases_5mc_cg_sup_prom_pass.bam,21.03,R941,PromethION,12_08_21_R941_HG00423
HG02178,s3://human-pangenomics/working/HPRC/HG02178/raw_data/Illumina/child/HG02178.final.cram,35.69,Illumina NovaSeq 6000,HG02178,0,0,unrel,2,CDX,hic,s3://human-pangenomics/working/HPRC/HG02178/raw_data/PacBio_HiFi/m84091_230705_181402_s3.hifi_reads.bc1008.bam,,29.1,,HG02178_PB1_m84091_230705_181402_s3,Revio,s3://human-pangenomics/working/HPRC/HG02178/raw_data/nanopore/dorado0.6.0_sup4.3.0_5mCG_5hmCG/12_12_23_R1041_HPRC_HG02178_3_dorado0.6.0_sup4.3.0_5mCG_5hmCG.bam,21.02,R1041,PromethION,12_12_23_R1041_HPRC_HG02178_3
HG00735,s3://human-pangenomics/working/HPRC/HG00735/raw_data/Illumina/child/HG00735.final.cram,35.09,Illumina NovaSeq 6000,PR06,HG01047,HG00734,child,2,PUR,trio,s3://human-pangenomics/working/HPRC/HG00735/raw_data/PacBio_HiFi/m64043_200702_173033.ccs.bam,s3://human-pangenomics/submissions/3A25CF8A-1F36-42EE-BC9F-D29CECAA2A99--HPRC_DEEPCONSENSUS_v1pt2_2023_12_q20/HG00735/raw_data/PacBio_HiFi/deepconsensus/v1pt2/HG00735.m64043_200702_173033.dc.q20.fastq.gz,11.7,14.19,HG00735_lib1,Sequel II,s3://human-pangenomics/working/HPRC/HG00735/raw_data/nanopore/guppy_6/04_11_23_R941_HG00735_1_Guppy_6.5.7_450bps_modbases_5mc_cg_sup_prom_pass.bam,20.58,R941,PromethION,04_11_23_R941_HG00735_1_Guppy_6.5.7_450bps_modbases_5mc_cg_sup_prom_pass
HG00621,s3://human-pangenomics/working/HPRC/HG00621/raw_data/Illumina/child/HG00621.final.cram,35.11,Illumina NovaSeq 6000,SH066,HG00619,HG00620,child,1,CHS,trio,s3://human-pangenomics/working/HPRC/HG00621/raw_data/PacBio_HiFi/m64136_200710_174522.ccs.bam,s3://human-pangenomics/submissions/3A25CF8A-1F36-42EE-BC9F-D29CECAA2A99--HPRC_DEEPCONSENSUS_v1pt2_2023_12_q20/HG00621/raw_data/PacBio_HiFi/deepconsensus/v1pt2/HG00621.m64136_200710_174522.dc.q20.fastq.gz,10.4,12.56,HG00621_lib1,Sequel II,s3://human-pangenomics/working/HPRC/HG00621/raw_data/nanopore/guppy_6/03_14_23_R941_HG00621_1_Guppy_6.5.7_450bps_modbases_5mc_cg_sup_prom_pass.bam,20.57,R941,PromethION,03_14_23_R941_HG00621_1_Guppy_6.5.7_450bps_modbases_5mc_cg_sup_prom_pass
HG03369,s3://human-pangenomics/working/HPRC/HG03369/raw_data/Illumina/child/HG03369.final.cram,44.77,Illumina NovaSeq 6000,NG98,0,0,mother,2,ESN,hic,s3://human-pangenomics/working/HPRC/HG03369/raw_data/PacBio_HiFi/m84091_230727_135923_s3.hifi_reads.bc1009.bam,,31.9,,HG03369_PB1_m84091_230727_135923_s3,Revio,s3://human-pangenomics/working/HPRC/HG03369/raw_data/nanopore/dorado0.6.0_sup4.3.0_5mCG_5hmCG/10_10_23_R1041_HPRC_HG03369_2_dorado0.6.0_sup4.3.0_5mCG_5hmCG.bam,20.51,R1041,PromethION,10_10_23_R1041_HPRC_HG03369_2
HG03784,s3://human-pangenomics/working/HPRC/HG03784/raw_data/Illumina/child/HG03784.final.cram,37.52,Illumina NovaSeq 6000,IT023,0,0,mother,2,ITU,hic,s3://human-pangenomics/working/HPRC/HG03784/raw_data/PacBio_HiFi/m84081_230624_213331_s3.hifi_reads.bc2017.bam,,32.7,,HG03784_lib1_m84081_230624_213331_s3_m84081_230624_213331_s3,Revio,s3://human-pangenomics/working/HPRC/HG03784/raw_data/nanopore/dorado0.6.0_sup4.3.0_5mCG_5hmCG/10_17_23_R1041_HPRC_HG03784_1_dorado0.6.0_sup4.3.0_5mCG_5hmCG.bam,20.5,R1041,PromethION,10_17_23_R1041_HPRC_HG03784_1
HG03139,s3://human-pangenomics/working/HPRC/HG03139/raw_data/Illumina/child/HG03139.final.cram,38.95,Illumina NovaSeq 6000,NG39,0,0,father,1,ESN,hic,s3://human-pangenomics/working/HPRC/HG03139/raw_data/PacBio_HiFi/m54329U_220523_155616-bc2019.5mc.hifi_reads.bam,s3://human-pangenomics/submissions/42AFCE59-2972-45EE-BB72-5B84E7B57377--HPRC_DEEPCONSENSUS_v1pt2_2023_08_q20/HG03139/raw_data/PacBio_HiFi/deepconsensus/v1pt2/HG03139.m54329U_220523_155616.dc.q20.fastq.gz,14.6,16.95,HG03139.HFSS,Sequel II,s3://human-pangenomics/working/HPRC/HG03139/raw_data/nanopore/guppy_6/05_17_22_R941_HG03139_2_Guppy_6.5.7_450bps_modbases_5mc_cg_sup_prom_pass.bam,20.48,R941,PromethION,05_17_22_R941_HG03139
HG01884,s3://human-pangenomics/working/HPRC/HG01884/raw_data/Illumina/child/HG01884.final.cram,37.73,Illumina NovaSeq 6000,BB03,HG01885,HG01956,child,2,ACB,trio,s3://human-pangenomics/working/HPRC/HG01884/raw_data/PacBio_HiFi/m84046_230701_003325_s1.hifi_reads.default.bam,,13.8,,HG01884.HFSS_m84046_230701_003325_s1,Revio,s3://human-pangenomics/working/HPRC/HG01884/raw_data/nanopore/guppy_6/08_17_21_R941_HG01884_1_Guppy_6.4.6_450bps_modbases_5mc_cg_sup_prom_pass.bam,20.44,R941,PromethION,08_17_21_R941_HG01884
HG00099,s3://human-pangenomics/working/HPRC/HG00099/raw_data/Illumina/child/HG00099.final.cram,41.5,Illumina NovaSeq 6000,HG00099,0,0,unrel,2,GBR,hic,s3://human-pangenomics/working/HPRC/HG00099/raw_data/PacBio_HiFi/m84046_230517_211630_s4.hifi_reads.bc2012.bam,,19.8,,PG00099_1.HFSS_m84046_230517_211630_s4,Revio,s3://human-pangenomics/working/HPRC/HG00099/raw_data/nanopore/guppy_6/09_14_22_R941_HG00099_3_Guppy_6.5.7_450bps_modbases_5mc_cg_sup_prom_pass.bam,20.27,R941,PromethION,09_14_22_R941_HG00099
HG01175,s3://human-pangenomics/working/HPRC/HG01175/raw_data/Illumina/child/HG01175.final.cram,34.96,Illumina NovaSeq 6000,PR36,HG01173,HG01174,child,2,PUR,trio,s3://human-pangenomics/working/HPRC/HG01175/raw_data/PacBio_HiFi/m64043_200620_173220.ccs.bam,s3://human-pangenomics/submissions/3A25CF8A-1F36-42EE-BC9F-D29CECAA2A99--HPRC_DEEPCONSENSUS_v1pt2_2023_12_q20/HG01175/raw_data/PacBio_HiFi/deepconsensus/v1pt2/HG01175.m64043_200620_173220.dc.q20.fastq.gz,10.7,12.92,HG01175_lib1,Sequel II,s3://human-pangenomics/working/HPRC/HG01175/raw_data/nanopore/guppy_6/1_11_23_R941_HG01175_1_Guppy_6.5.7_450bps_modbases_5mc_cg_sup_prom_pass.bam,20.25,R941,PromethION,1_11_23_R941_HG01175_1_Guppy_6.5.7_450bps_modbases_5mc_cg_sup_prom_pass
HG01891,s3://human-pangenomics/working/HPRC/HG01891/raw_data/Illumina/child/HG01891.final.cram,36.83,Illumina NovaSeq 6000,BB05,HG01890,HG01889,child,2,ACB,trio,s3://human-pangenomics/working/HPRC/HG01891/raw_data/PacBio_HiFi/m84046_230712_224626_s1.hifi_reads.bc2066.bam,,21.2,,HG01891.HFSS_m84046_230712_224626_s1,Revio,s3://human-pangenomics/working/HPRC/HG01891/raw_data/nanopore/guppy_6/12_7_22_R941_HG01891_1_Guppy_6.5.7_450bps_modbases_5mc_cg_sup_prom_pass.bam,20.25,R941,PromethION,12_7_22_R941_HG01891_1_Guppy_6.5.7_450bps_modbases_5mc_cg_sup_prom_pass
HG02886,s3://human-pangenomics/working/HPRC/HG02886/raw_data/Illumina/child/HG02886.final.cram,40.81,Illumina NovaSeq 6000,GB89,HG02884,HG02885,child,2,GWD,trio,s3://human-pangenomics/working/HPRC/HG02886/raw_data/PacBio_HiFi/m64043_200412_040054.ccs.bam,s3://human-pangenomics/submissions/3A25CF8A-1F36-42EE-BC9F-D29CECAA2A99--HPRC_DEEPCONSENSUS_v1pt2_2023_12_q20/HG02886/raw_data/PacBio_HiFi/deepconsensus/v1pt2/HG02886.m64043_200412_040054.dc.q20.fastq.gz,11.6,14.36,HG02886_lib1,Sequel II,s3://human-pangenomics/working/HPRC/HG02886/raw_data/nanopore/guppy_6/1_11_23_R941_HG02886_1_Guppy_6.5.7_450bps_modbases_5mc_cg_sup_prom_pass.bam,20.24,R941,PromethION,1_11_23_R941_HG02886_1_Guppy_6.5.7_450bps_modbases_5mc_cg_sup_prom_pass
HG03195,s3://human-pangenomics/working/HPRC/HG03195/raw_data/Illumina/child/HG03195.final.cram,36.28,Illumina NovaSeq 6000,NG58,0,0,mother,2,ESN,hic,s3://human-pangenomics/working/HPRC/HG03195/raw_data/PacBio_HiFi/m84081_230628_190945_s2.hifi_reads.bc1010.bam,,7.0,,HG03195_lib1,Revio,s3://human-pangenomics/working/HPRC/HG03195/raw_data/nanopore/guppy_6/04_12_22_R941_HG03195_3_Guppy_6.5.7_450bps_modbases_5mc_cg_sup_prom_pass.bam,20.17,R941,PromethION,04_12_22_R941_HG03195
HG04187,s3://human-pangenomics/working/HPRC/HG04187/raw_data/Illumina/child/HG04187.final.cram,35.87,Illumina NovaSeq 6000,BD62,HG04185,HG04186,child,1,BEB,trio,s3://human-pangenomics/working/HPRC/HG04187/raw_data/PacBio_HiFi/m84091_230802_173218_s2.hifi_reads.bc1001.bam,,28.4,,HG04187_PB3_m84091_230802_173218_s2.hifi_reads.bc1001.bam,Revio,s3://human-pangenomics/working/HPRC/HG04187/raw_data/nanopore/guppy_6/08_10_21_R941_HG04187_2_Guppy_6.5.7_450bps_modbases_5mc_cg_sup_prom_pass.bam,20.02,R941,PromethION,08_10_21_R941_HG04187
HG01071,s3://human-pangenomics/working/HPRC/HG01071/raw_data/Illumina/child/HG01071.final.cram,37.31,Illumina NovaSeq 6000,PR17,HG01069,HG01070,child,2,PUR,trio,s3://human-pangenomics/working/HPRC/HG01071/raw_data/PacBio_HiFi/m64136_200702_173125.ccs.bam,s3://human-pangenomics/submissions/3A25CF8A-1F36-42EE-BC9F-D29CECAA2A99--HPRC_DEEPCONSENSUS_v1pt2_2023_12_q20/HG01071/raw_data/PacBio_HiFi/deepconsensus/v1pt2/HG01071.m64136_200702_173125.dc.q20.fastq.gz,9.5,11.63,HG01071_lib1,Sequel II,s3://human-pangenomics/working/HPRC/HG01071/raw_data/nanopore/guppy_6/HG01071_PAM54677_Guppy_6.5.7_450bps_modbases_5mc_cg_sup_prom_pass.bam,20.02,R941,PromethION,HG01071_PAM54677_Guppy_6.5.7_450bps_modbases_5mc_cg_sup_prom_pass
HG00232,s3://human-pangenomics/working/HPRC/HG00232/raw_data/Illumina/child/HG00232.final.cram,61.31,Illumina NovaSeq 6000,HG00232,0,0,unrel,2,GBR,hic,s3://human-pangenomics/working/HPRC/HG00232/raw_data/PacBio_HiFi/m84081_230623_205201_s2.hifi_reads.bc2014.bam,,26.7,,HG00232_lib1_m84081_230623_205201_s2_m84081_230623_205201_s2,Revio,s3://human-pangenomics/working/HPRC/HG00232/raw_data/nanopore/dorado0.6.0_sup4.3.0_5mCG_5hmCG/01_23_24_R1041_HPRC_HG00232_2_dorado0.6.0_sup4.3.0_5mCG_5hmCG.bam,19.87,R1041,PromethION,01_23_24_R1041_HPRC_HG00232_2
HG01192,s3://human-pangenomics/working/HPRC/HG01192/raw_data/Illumina/child/HG01192.final.cram,33.85,Illumina NovaSeq 6000,PR40,HG01190,HG01191,child,1,PUR,trio,s3://human-pangenomics/working/HPRC/HG01192/raw_data/PacBio_HiFi/m84081_230630_204121_s4.hifi_reads.default.bam,,13.1,,HG01192_lib1,Revio,s3://human-pangenomics/working/HPRC/HG01192/raw_data/nanopore/guppy_6/09_08_21_R941_HG01192_1_Guppy_6.5.7_450bps_modbases_5mc_cg_sup_prom_pass.bam,19.78,R941,PromethION,09_08_21_R941_HG01192
HG00558,s3://human-pangenomics/working/HPRC/HG00558/raw_data/Illumina/child/HG00558.final.cram,35.25,Illumina NovaSeq 6000,SH045,HG00556,HG00557,child,2,CHS,trio,s3://human-pangenomics/working/HPRC/HG00558/raw_data/PacBio_HiFi/m54329U_220114_143904-bc1016.5mc.hifi_reads.bam,s3://human-pangenomics/submissions/42AFCE59-2972-45EE-BB72-5B84E7B57377--HPRC_DEEPCONSENSUS_v1pt2_2023_08_q20/HG00558/raw_data/PacBio_HiFi/deepconsensus/v1pt2/HG00558.m54329U_220114_143904.dc.q20.fastq.gz,11.4,13.38,HG00558.HFSS,Sequel II,s3://human-pangenomics/working/HPRC/HG00558/raw_data/nanopore/guppy_6/02_08_22_R941_HG00558_3_Guppy_6.5.7_450bps_modbases_5mc_cg_sup_prom_pass.bam,19.7,R941,PromethION,02_08_22_R941_HG00558
HG00438,s3://human-pangenomics/working/HPRC/HG00438/raw_data/Illumina/child/HG00438.final.cram,36.29,Illumina NovaSeq 6000,SH012,HG00436,HG00437,child,2,CHS,trio,s3://human-pangenomics/working/HPRC/HG00438/raw_data/PacBio_HiFi/m64043_200710_174426.ccs.bam,s3://human-pangenomics/submissions/3A25CF8A-1F36-42EE-BC9F-D29CECAA2A99--HPRC_DEEPCONSENSUS_v1pt2_2023_12_q20/HG00438/raw_data/PacBio_HiFi/deepconsensus/v1pt2/HG00438.m64043_200710_174426.dc.q20.fastq.gz,11.3,13.81,HG00438_lib1,Sequel II,s3://human-pangenomics/working/HPRC/HG00438/raw_data/nanopore/guppy_6/HG00438_PAM61591_Guppy_6.5.7_450bps_modbases_5mc_cg_sup_prom_pass.bam,19.4,R941,PromethION,HG00438_PAM61591_Guppy_6.5.7_450bps_modbases_5mc_cg_sup_prom_pass
HG02647,s3://human-pangenomics/working/HPRC/HG02647/raw_data/Illumina/child/HG02647.final.cram,40.3,Illumina NovaSeq 6000,GB38,HG02645,HG02646,child,1,GWD,trio,s3://human-pangenomics/working/HPRC/HG02647/raw_data/PacBio_HiFi/m84046_230707_202610_s3.hifi_reads.bc2060.bam,,14.9,,HG02647.HFSS_m84046_230707_202610_s3,Revio,s3://human-pangenomics/working/HPRC/HG02647/raw_data/nanopore/guppy_6/08_10_21_R941_HG02647_3_Guppy_6.5.7_450bps_modbases_5mc_cg_sup_prom_pass.bam,19.22,R941,PromethION,08_10_21_R941_HG02647
HG00344,s3://human-pangenomics/working/HPRC/HG00344/raw_data/Illumina/child/HG00344.final.cram,37.28,Illumina NovaSeq 6000,HG00344,0,0,unrel,2,FIN,hic,s3://human-pangenomics/working/HPRC/HG00344/raw_data/PacBio_HiFi/m84046_230718_233949_s3.hifi_reads.bc2083.bam,,25.1,,PG00344.HFSS2_m84046_230718_233949_s3,Revio,s3://human-pangenomics/working/HPRC/HG00344/raw_data/nanopore/dorado0.6.0_sup4.3.0_5mCG_5hmCG/10_31_23_R1041_HPRC_HG00344_1_dorado0.6.0_sup4.3.0_5mCG_5hmCG.bam,19.17,R1041,PromethION,10_31_23_R1041_HPRC_HG00344_1
HG01358,s3://human-pangenomics/working/HPRC/HG01358/raw_data/Illumina/child/HG01358.final.cram,38.25,Illumina NovaSeq 6000,CLM31,HG01356,HG01357,child,1,CLM,trio,s3://human-pangenomics/working/HPRC/HG01358/raw_data/PacBio_HiFi/m64076_200203_181219.ccs.bam,s3://human-pangenomics/submissions/3A25CF8A-1F36-42EE-BC9F-D29CECAA2A99--HPRC_DEEPCONSENSUS_v1pt2_2023_12_q20/HG01358/raw_data/PacBio_HiFi/deepconsensus/v1pt2/HG01358.m64076_200203_181219.dc.q20.fastq.gz,10.5,12.55,HG01358_HiFiEx_f1,Sequel II,s3://human-pangenomics/working/HPRC/HG01358/raw_data/nanopore/guppy_6/12_7_22_R941_HG01358_2_Guppy_6.5.7_450bps_modbases_5mc_cg_sup_prom_pass.bam,19.04,R941,PromethION,12_7_22_R941_HG01358_2_Guppy_6.5.7_450bps_modbases_5mc_cg_sup_prom_pass
HG02451,s3://human-pangenomics/working/HPRC/HG02451/raw_data/Illumina/child/HG02451.final.cram,37.64,Illumina NovaSeq 6000,BB46,HG02449,HG02450,child,2,ACB,trio,s3://human-pangenomics/working/HPRC/HG02451/raw_data/PacBio_HiFi/m84046_230720_185410_s2.hifi_reads.bc2006.bam,,16.1,,HG02451.HFSS3_m84046_230720_185410_s2,Revio,s3://human-pangenomics/working/HPRC/HG02451/raw_data/nanopore/guppy_6/08_17_21_R941_HG02451_3_Guppy_6.4.6_450bps_modbases_5mc_cg_sup_prom_pass.bam,18.95,R941,PromethION,08_17_21_R941_HG02451
NA20805,s3://human-pangenomics/working/HPRC/NA20805/raw_data/Illumina/child/NA20805.final.cram,37.41,Illumina NovaSeq 6000,NA20805,0,0,unrel,1,TSI,hic,s3://human-pangenomics/working/HPRC/NA20805/raw_data/PacBio_HiFi/m84081_230728_191731_s1.hifi_reads.bc2027.bam,,14.6,,NA20805_lib1,Revio,s3://human-pangenomics/working/HPRC/NA20805/raw_data/nanopore/guppy_6/08_10_22_R941_GM20805_2_Guppy_6.5.7_450bps_modbases_5mc_cg_sup_prom_pass.bam,18.88,R941,PromethION,08_10_22_R941_GM20805
HG03579,s3://human-pangenomics/working/HPRC/HG03579/raw_data/Illumina/child/HG03579.final.cram,35.09,Illumina NovaSeq 6000,SL72,HG03577,HG03578,child,1,MSL,trio,s3://human-pangenomics/working/HPRC/HG03579/raw_data/PacBio_HiFi/m64043_200516_230634.ccs.bam,s3://human-pangenomics/submissions/3A25CF8A-1F36-42EE-BC9F-D29CECAA2A99--HPRC_DEEPCONSENSUS_v1pt2_2023_12_q20/HG03579/raw_data/PacBio_HiFi/deepconsensus/v1pt2/HG03579.m64043_200516_230634.dc.q20.fastq.gz,12.7,14.54,HG03579_lib1,Sequel II,s3://human-pangenomics/working/HPRC/HG03579/raw_data/nanopore/guppy_6/HG03579_PAK45849_Guppy_6.5.7_450bps_modbases_5mc_cg_sup_prom_pass.bam,18.73,R941,PromethION,HG03579_PAK45849_Guppy_6.5.7_450bps_modbases_5mc_cg_sup_prom_pass
NA18879,s3://human-pangenomics/working/HPRC/NA18879/raw_data/Illumina/child/NA18879.final.cram,43.62,Illumina NovaSeq 6000,Y021,0,0,father,1,YRI,hic,s3://human-pangenomics/working/HPRC/NA18879/raw_data/PacBio_HiFi/m84046_230731_200859_s2.hifi_reads.bc2089.bam,,18.9,,PG18879.HFSS_m84046_230731_200859_s2,Revio,s3://human-pangenomics/working/HPRC/NA18879/raw_data/nanopore/dorado0.6.0_sup4.3.0_5mCG_5hmCG/08_08_23_R1041_HPRC_NA18879_2_dorado0.6.0_sup4.3.0_5mCG_5hmCG.bam,18.49,R1041,PromethION,08_08_23_R1041_HPRC_NA18879_2
NA21102,s3://human-pangenomics/working/HPRC/NA21102/raw_data/Illumina/child/NA21102.final.cram,44.04,Illumina NovaSeq 6000,NA21102,0,0,unrel,2,GIH,hic,s3://human-pangenomics/working/HPRC/NA21102/raw_data/PacBio_HiFi/m84081_230715_220754_s4.hifi_reads.bc2023.bam,,29.1,,NA21102_lib1_m84081_230715_220754_s4_m84081_230715_220754_s4,Revio,s3://human-pangenomics/working/HPRC/NA21102/raw_data/nanopore/dorado0.6.0_sup4.3.0_5mCG_5hmCG/01_23_24_R1041_HPRC_NA21102_1_dorado0.6.0_sup4.3.0_5mCG_5hmCG.bam,18.45,R1041,PromethION,01_23_24_R1041_HPRC_NA21102_1
HG01978,s3://human-pangenomics/working/HPRC/HG01978/raw_data/Illumina/child/HG01978.final.cram,40.31,Illumina NovaSeq 6000,PEL26,HG01977,HG01976,child,2,PEL,trio,s3://human-pangenomics/working/HPRC/HG01978/raw_data/PacBio_HiFi/m64136_200603_214308.ccs.bam,s3://human-pangenomics/submissions/3A25CF8A-1F36-42EE-BC9F-D29CECAA2A99--HPRC_DEEPCONSENSUS_v1pt2_2023_12_q20/HG01978/raw_data/PacBio_HiFi/deepconsensus/v1pt2/HG01978.m64136_200603_214308.dc.q20.fastq.gz,10.0,12.98,HG01978_lib1,Sequel II,s3://human-pangenomics/working/HPRC/HG01978/raw_data/nanopore/guppy_6/HG01978_PAM62481_Guppy_6.5.7_450bps_modbases_5mc_cg_sup_prom_pass.bam,18.42,R941,PromethION,HG01978_PAM62481_Guppy_6.5.7_450bps_modbases_5mc_cg_sup_prom_pass
HG02056,s3://human-pangenomics/working/HPRC/HG02056/raw_data/Illumina/child/HG02056.final.cram,35.74,Illumina NovaSeq 6000,VN060,HG02058,HG02057,child,1,KHV,trio,s3://human-pangenomics/working/HPRC/HG02056/raw_data/PacBio_HiFi/m84081_230727_193748_s2.hifi_reads.bc2030.bam,,10.7,,HG02056_lib1,Revio,s3://human-pangenomics/working/HPRC/HG02056/raw_data/nanopore/guppy_6/10_12_21_R941_HG02056_3_Guppy_6.5.7_450bps_modbases_5mc_cg_sup_prom_pass.bam,18.29,R941,PromethION,10_12_21_R941_HG02056
HG04184,s3://human-pangenomics/working/HPRC/HG04184/raw_data/Illumina/child/HG04184.final.cram,34.59,Illumina NovaSeq 6000,BD61,HG04182,HG04183,child,2,BEB,trio,s3://human-pangenomics/working/HPRC/HG04184/raw_data/PacBio_HiFi/m84046_230523_001708_s3.hifi_reads.default.bam,,14.4,,HG04184.HFSS_m84046_230523_001708_s3,Revio,s3://human-pangenomics/working/HPRC/HG04184/raw_data/nanopore/guppy_6/08_25_21_R941_HG04184_2_Guppy_6.5.7_450bps_modbases_5mc_cg_sup_prom_pass.bam,18.01,R941,PromethION,08_25_21_R941_HG04184
HG03516,s3://human-pangenomics/working/HPRC/HG03516/raw_data/Illumina/child/HG03516.final.cram,33.41,Illumina NovaSeq 6000,NG107,HG03515,HG03514,child,2,ESN,trio,s3://human-pangenomics/working/HPRC/HG03516/raw_data/PacBio_HiFi/m84046_231202_110908_s4.hifi_reads.bc2056.bam,,22.5,,HG03516.HFSS_m84046_231202_110908_s4,Revio,s3://human-pangenomics/working/HPRC/HG03516/raw_data/nanopore/guppy_6/HG03516_PAM62473_Guppy_6.5.7_450bps_modbases_5mc_cg_sup_prom_pass.bam,17.63,R941,PromethION,HG03516_PAM62473_Guppy_6.5.7_450bps_modbases_5mc_cg_sup_prom_pass
HG01258,s3://human-pangenomics/working/HPRC/HG01258/raw_data/Illumina/child/HG01258.final.cram,37.17,Illumina NovaSeq 6000,CLM16,HG01256,HG01257,child,1,CLM,trio,s3://human-pangenomics/working/HPRC/HG01258/raw_data/PacBio_HiFi/m84046_231202_090949_s3.hifi_reads.bc2054.bam,,16.2,,HG01258.HFSS2_m84046_231202_090949_s3,Revio,s3://human-pangenomics/working/HPRC/HG01258/raw_data/nanopore/guppy_6/12_7_22_R941_HG01258_1_Guppy_6.5.7_450bps_modbases_5mc_cg_sup_prom_pass.bam,17.62,R941,PromethION,12_7_22_R941_HG01258_1_Guppy_6.5.7_450bps_modbases_5mc_cg_sup_prom_pass
HG04115,s3://human-pangenomics/working/HPRC/HG04115/raw_data/Illumina/child/HG04115.final.cram,34.91,Illumina NovaSeq 6000,ST111,HG03896,HG03894,child,1,STU,trio,s3://human-pangenomics/working/HPRC/HG04115/raw_data/PacBio_HiFi/m84046_230624_201459_s3.hifi_reads.default.bam,,33.2,,HG04115.HFSS_m84046_230624_201459_s3,Revio,s3://human-pangenomics/working/HPRC/HG04115/raw_data/nanopore/guppy_6/07_27_21_R941_HG04115_2_Guppy_6.5.7_450bps_modbases_5mc_cg_sup_prom_pass.bam,17.59,R941,PromethION,07_27_21_R941_HG04115
HG00673,s3://human-pangenomics/working/HPRC/HG00673/raw_data/Illumina/child/HG00673.final.cram,34.22,Illumina NovaSeq 6000,SH079,HG00671,HG00672,child,1,CHS,trio,s3://human-pangenomics/working/HPRC/HG00673/raw_data/PacBio_HiFi/m64043_200719_070806.ccs.bam,s3://human-pangenomics/submissions/3A25CF8A-1F36-42EE-BC9F-D29CECAA2A99--HPRC_DEEPCONSENSUS_v1pt2_2023_12_q20/HG00673/raw_data/PacBio_HiFi/deepconsensus/v1pt2/HG00673.m64043_200719_070806.dc.q20.fastq.gz,10.3,13.05,HG00673_lib1,Sequel II,s3://human-pangenomics/working/HPRC/HG00673/raw_data/nanopore/guppy_6/1_11_23_R941_HG00673_1_Guppy_6.5.7_450bps_modbases_5mc_cg_sup_prom_pass.bam,17.46,R941,PromethION,1_11_23_R941_HG00673_1_Guppy_6.5.7_450bps_modbases_5mc_cg_sup_prom_pass
HG02735,s3://human-pangenomics/working/HPRC/HG02735/raw_data/Illumina/child/HG02735.final.cram,39.12,Illumina NovaSeq 6000,PK26,HG02733,HG02734,child,1,PJL,trio,s3://human-pangenomics/working/HPRC/HG02735/raw_data/PacBio_HiFi/m84046_230628_175536_s3.hifi_reads.bc2062.bam,,11.3,,HG02735.HFSS_m84046_230628_175536_s3,Revio,s3://human-pangenomics/working/HPRC/HG02735/raw_data/nanopore/guppy_6/08_17_21_R941_HG02735_2_Guppy_6.5.7_450bps_modbases_5mc_cg_sup_prom_pass.bam,17.4,R941,PromethION,08_17_21_R941_HG02735
HG03834,s3://human-pangenomics/working/HPRC/HG03834/raw_data/Illumina/child/HG03834.final.cram,35.42,Illumina NovaSeq 6000,BD28,HG03833,HG03832,child,2,BEB,trio,s3://human-pangenomics/working/HPRC/HG03834/raw_data/PacBio_HiFi/m84081_230630_204121_s4.hifi_reads.bc1012.bam,,13.4,,HG03834_lib1,Revio,s3://human-pangenomics/working/HPRC/HG03834/raw_data/nanopore/guppy_6/02_08_22_R941_HG03834_2_Guppy_6.5.7_450bps_modbases_5mc_cg_sup_prom_pass.bam,16.7,R941,PromethION,02_08_22_R941_HG03834
HG02717,s3://human-pangenomics/working/HPRC/HG02717/raw_data/Illumina/child/HG02717.final.cram,38.68,Illumina NovaSeq 6000,GB50,HG02715,HG02716,child,1,GWD,trio,s3://human-pangenomics/working/HPRC/HG02717/raw_data/PacBio_HiFi/m64043_200403_163826.ccs.bam,s3://human-pangenomics/submissions/3A25CF8A-1F36-42EE-BC9F-D29CECAA2A99--HPRC_DEEPCONSENSUS_v1pt2_2023_12_q20/HG02717/raw_data/PacBio_HiFi/deepconsensus/v1pt2/HG02717.m64043_200403_163826.dc.q20.fastq.gz,11.7,14.04,HG02717_lib1,Sequel II,s3://human-pangenomics/working/HPRC/HG02717/raw_data/nanopore/guppy_6/HG02717_PAK43947_Guppy_6.5.7_450bps_modbases_5mc_cg_sup_prom_pass.bam,16.69,R941,PromethION,HG02717_PAK43947_Guppy_6.5.7_450bps_modbases_5mc_cg_sup_prom_pass
HG01928,s3://human-pangenomics/working/HPRC/HG01928/raw_data/Illumina/child/HG01928.final.cram,38.32,Illumina NovaSeq 6000,PEL011,HG01926,HG01927,child,1,PEL,trio,s3://human-pangenomics/working/HPRC/HG01928/raw_data/PacBio_HiFi/m64043_200612_200936.ccs.bam,s3://human-pangenomics/submissions/3A25CF8A-1F36-42EE-BC9F-D29CECAA2A99--HPRC_DEEPCONSENSUS_v1pt2_2023_12_q20/HG01928/raw_data/PacBio_HiFi/deepconsensus/v1pt2/HG01928.m64043_200612_200936.dc.q20.fastq.gz,9.2,10.85,HG01928_lib1,Sequel II,s3://human-pangenomics/working/HPRC/HG01928/raw_data/nanopore/guppy_6/HG01928_PAK44599_Guppy_6.5.7_450bps_modbases_5mc_cg_sup_prom_pass.bam,16.55,R941,PromethION,HG01928_PAK44599_Guppy_6.5.7_450bps_modbases_5mc_cg_sup_prom_pass
NA19700,s3://human-pangenomics/working/HPRC/NA19700/raw_data/Illumina/child/NA19700.final.cram,36.05,Illumina NovaSeq 6000,2367,0,0,father,1,ASW,hic,s3://human-pangenomics/working/HPRC/NA19700/raw_data/PacBio_HiFi/m84046_230508_200815_s4.hifi_reads.bc2091.bam,,16.1,,PG19700.HFSS_m84046_230508_200815_s4,Revio,s3://human-pangenomics/working/HPRC/NA19700/raw_data/nanopore/dorado0.6.0_sup4.3.0_5mCG_5hmCG/01_23_24_R1041_HPRC_NA19700_1_dorado0.6.0_sup4.3.0_5mCG_5hmCG.bam,16.09,R1041,PromethION,01_23_24_R1041_HPRC_NA19700_1
HG03583,s3://human-pangenomics/working/HPRC/HG03583/raw_data/Illumina/child/HG03583.final.cram,35.93,Illumina NovaSeq 6000,SL73,0,0,mother,2,MSL,hic,s3://human-pangenomics/working/HPRC/HG03583/raw_data/PacBio_HiFi/m84091_230712_170232_s2.hifi_reads.bc1020.bam,,28.9,,HG03583_PB1_m84091_230712_170232_s2,Revio,s3://human-pangenomics/working/HPRC/HG03583/raw_data/nanopore/dorado0.6.0_sup4.3.0_5mCG_5hmCG/10_31_23_R1041_HPRC_HG03583_1_dorado0.6.0_sup4.3.0_5mCG_5hmCG.bam,15.67,R1041,PromethION,10_31_23_R1041_HPRC_HG03583_1
HG02257,s3://human-pangenomics/working/HPRC/HG02257/raw_data/Illumina/child/HG02257.final.cram,37.58,Illumina NovaSeq 6000,BB21,HG02255,HG02256,child,2,ACB,trio,s3://human-pangenomics/working/HPRC/HG02257/raw_data/PacBio_HiFi/m84046_230628_182559_s4.hifi_reads.bc2064.bam,,24.7,,HG02257.HFSS_m84046_230628_182559_s4,Revio,s3://human-pangenomics/working/HPRC/HG02257/raw_data/nanopore/guppy_6/12_7_22_R941_HG02257_2_Guppy_6.5.7_450bps_modbases_5mc_cg_sup_prom_pass.bam,15.57,R941,PromethION,12_7_22_R941_HG02257_2_Guppy_6.5.7_450bps_modbases_5mc_cg_sup_prom_pass
HG00146,s3://human-pangenomics/working/HPRC/HG00146/raw_data/Illumina/child/HG00146.final.cram,47.45,Illumina NovaSeq 6000,GBR002,0,0,child,2,GBR,hic,s3://human-pangenomics/working/HPRC/HG00146/raw_data/PacBio_HiFi/m84081_230616_182824_s3.hifi_reads.bc2013.bam,,36.5,,HG00146_lib1_m84081_230616_182824_s3_m84081_230616_182824_s3,Revio,s3://human-pangenomics/working/HPRC/HG00146/raw_data/nanopore/dorado0.6.0_sup4.3.0_5mCG_5hmCG/01_23_24_R1041_HPRC_HG00146_1_dorado0.6.0_sup4.3.0_5mCG_5hmCG.bam,15.05,R1041,PromethION,01_23_24_R1041_HPRC_HG00146_1
HG02129,s3://human-pangenomics/working/HPRC/HG02129/raw_data/Illumina/child/HG02129.final.cram,38.06,Illumina NovaSeq 6000,VN079,HG02131,HG02130,child,1,KHV,trio,s3://human-pangenomics/working/HPRC/HG02129/raw_data/PacBio_HiFi/m84081_230727_193748_s2.hifi_reads.bc2026.bam,,10.4,,HG02129_lib1,Revio,s3://human-pangenomics/working/HPRC/HG02129/raw_data/nanopore/guppy_6/10_12_21_R941_HG02129_1_Guppy_6.5.7_450bps_modbases_5mc_cg_sup_prom_pass.bam,14.72,R941,PromethION,10_12_21_R941_HG02129
HG02015,s3://human-pangenomics/working/HPRC/HG02015/raw_data/Illumina/child/HG02015.final.cram,38.15,Illumina NovaSeq 6000,VN046,HG02017,HG02016,child,1,KHV,trio,s3://human-pangenomics/working/HPRC/HG02015/raw_data/PacBio_HiFi/m64043_210905_032603-bc1022.5mc.hifi_reads.bam,s3://human-pangenomics/submissions/42AFCE59-2972-45EE-BB72-5B84E7B57377--HPRC_DEEPCONSENSUS_v1pt2_2023_08_q20/HG02015/raw_data/PacBio_HiFi/deepconsensus/v1pt2/HG02015.m64043_210905_032603.dc.q20.fastq.gz,12.2,14.36,HG02015_lib1,Sequel II,s3://human-pangenomics/working/HPRC/HG02015/raw_data/nanopore/guppy_6/10_12_21_R941_HG02015_3_Guppy_6.5.7_450bps_modbases_5mc_cg_sup_prom_pass.bam,13.73,R941,PromethION,10_12_21_R941_HG02015
